{"IGNORED": {"mention_types": {"all": {"true_positives": 479, "false_positives": 188, "false_negatives": 327, "ground_truth": 806, "precision": 0.7181409295352323, "recall": 0.5942928039702233, "f1": 0.6503733876442634}, "entity": {"true_positives": 403, "false_positives": 137, "false_negatives": 232, "ground_truth": 635, "precision": 0.7462962962962963, "recall": 0.6346456692913386, "f1": 0.6859574468085107}, "coref": {"true_positives": 76, "false_positives": 51, "false_negatives": 95, "ground_truth": 171, "precision": 0.5984251968503937, "recall": 0.4444444444444444, "f1": 0.5100671140939598}, "entity_named": {"true_positives": 387, "false_positives": 64, "false_negatives": 116, "ground_truth": 503, "precision": 0.8580931263858093, "recall": 0.7693836978131213, "f1": 0.8113207547169812}, "entity_non_named": {"true_positives": 15, "false_positives": 55, "false_negatives": 113, "ground_truth": 128, "precision": 0.21428571428571427, "recall": 0.1171875, "f1": 0.1515151515151515}, "entity_unknown": {"true_positives": 1, "false_positives": 18, "false_negatives": 3, "ground_truth": 4, "precision": 0.05263157894736842, "recall": 0.25, "f1": 0.08695652173913043}, "coref_nominal": {"true_positives": 12, "false_positives": 9, "false_negatives": 32, "ground_truth": 44, "precision": 0.5714285714285714, "recall": 0.2727272727272727, "f1": 0.3692307692307692}, "coref_pronominal": {"true_positives": 64, "false_positives": 42, "false_negatives": 63, "ground_truth": 127, "precision": 0.6037735849056604, "recall": 0.5039370078740157, "f1": 0.5493562231759657}}, "error_categories": {"ner": {"true_positives": 427, "false_positives": 108, "false_negatives": 208, "ground_truth": 635, "precision": 0.7981308411214953, "recall": 0.6724409448818898, "f1": 0.7299145299145299}, "ner_fn": {"all": {"errors": 199, "total": 594}, "lowercased": {"errors": 103, "total": 123}, "partially_included": {"errors": 13, "total": 202}, "partial_overlap": {"errors": 9, "total": 471}, "other": {"errors": 74, "total": 471}}, "ner_fp": {"all": {"errors": 107, "total": 6593}, "lowercased": {"errors": 50, "total": 5097}, "groundtruth_unknown": {"errors": 16, "total": 102}, "other": {"errors": 41, "total": 1496}, "wrong_span": {"errors": 5, "total": 502}}, "wrong_disambiguation": {"all": {"errors": 22, "total": 395}, "demonym": {"errors": 1, "total": 21}, "metonymy": {"errors": 0, "total": 3}, "partial_name": {"errors": 7, "total": 55}, "rare": {"errors": 9, "total": 23}, "other": {"errors": 5, "total": 293}, "wrong_candidates": {"errors": 13, "total": 395}, "multiple_candidates": {"errors": 9, "total": 149}}, "other_errors": {"hyperlink": {"errors": 78, "total": 266}}, "wrong_coreference": {"undetected": {"errors": 59, "total": 171}, "wrong_mention_referenced": {"errors": 29, "total": 112}, "reference_wrongly_disambiguated": {"errors": 1, "total": 83}, "false_detection": 14}}, "entity_types": {"OTHER": {"true_positives": 21, "false_positives": 57, "false_negatives": 33, "ground_truth": 54, "precision": 0.2692307692307692, "recall": 0.3888888888888889, "f1": 0.3181818181818182}, "Q215627": {"true_positives": 107, "false_positives": 14, "false_negatives": 29, "ground_truth": 136, "precision": 0.8842975206611571, "recall": 0.7867647058823529, "f1": 0.8326848249027237}, "Q27096213": {"true_positives": 149, "false_positives": 30, "false_negatives": 18, "ground_truth": 167, "precision": 0.8324022346368715, "recall": 0.8922155688622755, "f1": 0.861271676300578}, "Q43229": {"true_positives": 140, "false_positives": 21, "false_negatives": 30, "ground_truth": 170, "precision": 0.8695652173913043, "recall": 0.8235294117647058, "f1": 0.8459214501510574}, "Q17537576": {"true_positives": 42, "false_positives": 10, "false_negatives": 5, "ground_truth": 47, "precision": 0.8076923076923077, "recall": 0.8936170212765957, "f1": 0.8484848484848485}, "Q2424752": {"true_positives": 37, "false_positives": 11, "false_negatives": 20, "ground_truth": 57, "precision": 0.7708333333333334, "recall": 0.6491228070175439, "f1": 0.7047619047619048}, "Q1656682": {"true_positives": 17, "false_positives": 7, "false_negatives": 22, "ground_truth": 39, "precision": 0.7083333333333334, "recall": 0.4358974358974359, "f1": 0.5396825396825398}, "Q431289": {"true_positives": 3, "false_positives": 0, "false_negatives": 0, "ground_truth": 3, "precision": 1.0, "recall": 1.0, "f1": 1.0}, "Q483394": {"true_positives": 4, "false_positives": 2, "false_negatives": 12, "ground_truth": 16, "precision": 0.6666666666666666, "recall": 0.25, "f1": 0.36363636363636365}, "Q17376908": {"true_positives": 0, "false_positives": 0, "false_negatives": 0, "ground_truth": 0, "precision": 0, "recall": 0, "f1": 0}, "Q43460564": {"true_positives": 0, "false_positives": 0, "false_negatives": 6, "ground_truth": 6, "precision": 0, "recall": 0.0, "f1": 0}, "Q16521": {"true_positives": 8, "false_positives": 2, "false_negatives": 10, "ground_truth": 18, "precision": 0.8, "recall": 0.4444444444444444, "f1": 0.5714285714285714}, "Q9174": {"true_positives": 0, "false_positives": 1, "false_negatives": 0, "ground_truth": 0, "precision": 0.0, "recall": 0, "f1": 0}, "Q7257": {"true_positives": 1, "false_positives": 1, "false_negatives": 0, "ground_truth": 1, "precision": 0.5, "recall": 1.0, "f1": 0.6666666666666666}, "Q4164871": {"true_positives": 15, "false_positives": 6, "false_negatives": 68, "ground_truth": 83, "precision": 0.7142857142857143, "recall": 0.18072289156626506, "f1": 0.2884615384615385}, "Q12737077": {"true_positives": 2, "false_positives": 1, "false_negatives": 63, "ground_truth": 65, "precision": 0.6666666666666666, "recall": 0.03076923076923077, "f1": 0.05882352941176471}, "Q11862829": {"true_positives": 2, "false_positives": 2, "false_negatives": 5, "ground_truth": 7, "precision": 0.5, "recall": 0.2857142857142857, "f1": 0.36363636363636365}, "Q21070598": {"true_positives": 0, "false_positives": 0, "false_negatives": 0, "ground_truth": 0, "precision": 0, "recall": 0, "f1": 0}, "Q618779": {"true_positives": 5, "false_positives": 0, "false_negatives": 5, "ground_truth": 10, "precision": 1.0, "recall": 0.5, "f1": 0.6666666666666666}, "Q12136": {"true_positives": 0, "false_positives": 0, "false_negatives": 0, "ground_truth": 0, "precision": 0, "recall": 0, "f1": 0}, "Q4392985": {"true_positives": 0, "false_positives": 0, "false_negatives": 0, "ground_truth": 0, "precision": 0, "recall": 0, "f1": 0}, "Q373899": {"true_positives": 0, "false_positives": 0, "false_negatives": 0, "ground_truth": 0, "precision": 0, "recall": 0, "f1": 0}, "Q22222786": {"true_positives": 0, "false_positives": 0, "false_negatives": 0, "ground_truth": 0, "precision": 0, "recall": 0, "f1": 0}, "Q33829": {"true_positives": 2, "false_positives": 0, "false_negatives": 2, "ground_truth": 4, "precision": 1.0, "recall": 0.5, "f1": 0.6666666666666666}, "Q1075": {"true_positives": 0, "false_positives": 0, "false_negatives": 6, "ground_truth": 6, "precision": 0, "recall": 0.0, "f1": 0}, "Q179661": {"true_positives": 0, "false_positives": 0, "false_negatives": 0, "ground_truth": 0, "precision": 0, "recall": 0, "f1": 0}, "Q169872": {"true_positives": 0, "false_positives": 0, "false_negatives": 0, "ground_truth": 0, "precision": 0, "recall": 0, "f1": 0}, "Q4936952": {"true_positives": 0, "false_positives": 0, "false_negatives": 0, "ground_truth": 0, "precision": 0, "recall": 0, "f1": 0}, "Q349": {"true_positives": 4, "false_positives": 0, "false_negatives": 1, "ground_truth": 5, "precision": 1.0, "recall": 0.8, "f1": 0.888888888888889}, "Q729": {"true_positives": 0, "false_positives": 0, "false_negatives": 0, "ground_truth": 0, "precision": 0, "recall": 0, "f1": 0}}}, "REQUIRED": {"mention_types": {"all": {"true_positives": 538, "false_positives": 247, "false_negatives": 404, "ground_truth": 942, "precision": 0.6853503184713375, "recall": 0.5711252653927813, "f1": 0.6230457440648524}, "entity": {"true_positives": 460, "false_positives": 187, "false_negatives": 285, "ground_truth": 745,