{"IGNORED": {"mention_types": {"all": {"true_positives": 502, "false_positives": 201, "false_negatives": 304, "ground_truth": 806, "precision": 0.7140825035561877, "recall": 0.6228287841191067, "f1": 0.6653412856196157}, "entity": {"true_positives": 406, "false_positives": 148, "false_negatives": 229, "ground_truth": 635, "precision": 0.7328519855595668, "recall": 0.6393700787401575, "f1": 0.6829268292682927}, "coref": {"true_positives": 96, "false_positives": 53, "false_negatives": 75, "ground_truth": 171, "precision": 0.6442953020134228, "recall": 0.5614035087719298, "f1": 0.6}, "entity_named": {"true_positives": 390, "false_positives": 71, "false_negatives": 113, "ground_truth": 503, "precision": 0.8459869848156182, "recall": 0.7753479125248509, "f1": 0.8091286307053942}, "entity_non_named": {"true_positives": 15, "false_positives": 58, "false_negatives": 113, "ground_truth": 128, "precision": 0.2054794520547945, "recall": 0.1171875, "f1": 0.14925373134328357}, "entity_unknown": {"true_positives": 1, "false_positives": 19, "false_negatives": 3, "ground_truth": 4, "precision": 0.05, "recall": 0.25, "f1": 0.08333333333333334}, "coref_nominal": {"true_positives": 23, "false_positives": 33, "false_negatives": 21, "ground_truth": 44, "precision": 0.4107142857142857, "recall": 0.5227272727272727, "f1": 0.46}, "coref_pronominal": {"true_positives": 73, "false_positives": 20, "false_negatives": 54, "ground_truth": 127, "precision": 0.7849462365591398, "recall": 0.5748031496062992, "f1": 0.6636363636363636}}, "error_categories": {"ner": {"true_positives": 432, "false_positives": 117, "false_negatives": 203, "ground_truth": 635, "precision": 0.7868852459016393, "recall": 0.6803149606299213, "f1": 0.7297297297297298}, "ner_fn": {"all": {"errors": 194, "total": 593}, "lowercased": {"errors": 102, "total": 122}, "partially_included": {"errors": 13, "total": 202}, "partial_overlap": {"errors": 11, "total": 471}, "other": {"errors": 68, "total": 471}}, "ner_fp": {"all": {"errors": 116, "total": 6593}, "lowercased": {"errors": 57, "total": 5097}, "groundtruth_unknown": {"errors": 16, "total": 102}, "other": {"errors": 43, "total": 1496}, "wrong_span": {"errors": 9, "total": 517}}, "wrong_disambiguation": {"all": {"errors": 23, "total": 399}, "demonym": {"errors": 1, "total": 21}, "metonymy": {"errors": 0, "total": 3}, "partial_name": {"errors": 8, "total": 59}, "rare": {"errors": 9, "total": 23}, "other": {"errors": 5, "total": 293}, "wrong_candidates": {"errors": 14, "total": 399}, "multiple_candidates": {"errors": 9, "total": 149}}, "other_errors": {"hyperlink": {"errors": 78, "total": 266}}, "wrong_coreference": {"undetected": {"errors": 58, "total": 171}, "wrong_mention_referenced": {"errors": 11, "total": 113}, "reference_wrongly_disambiguated": {"errors": 2, "total": 102}, "false_detection": 34}}, "entity_types": {"OTHER": {"true_positives": 21, "false_positives": 62, "false_negatives": 33, "ground_truth": 54, "precision": 0.25301204819277107, "recall": 0.3888888888888889, "f1": 0.3065693430656934}, "Q215627": {"true_positives": 110, "false_positives": 16, "false_negatives": 26, "ground_truth": 136, "precision": 0.873015873015873, "recall": 0.8088235294117647, "f1": 0.8396946564885497}, "Q27096213": {"true_positives": 149, "false_positives": 31, "false_negatives": 18, "ground_truth": 167, "precision": 0.8277777777777777, "recall": 0.8922155688622755, "f1": 0.8587896253602306}, "Q43229": {"true_positives": 140, "false_positives": 22, "false_negatives": 30, "ground_truth": 170, "precision": 0.8641975308641975, "recall": 0.8235294117647058, "f1": 0.8433734939759034}, "Q17537576": {"true_positives": 42, "false_positives": 12, "false_negatives": 5, "ground_truth": 47, "precision": 0.7777777777777778, "recall": 0.8936170212765957, "f1": 0.8316831683168316}, "Q2424752": {"true_positives": 37, "false_positives": 12, "false_negatives": 20, "ground_truth": 57, "precision": 0.7551020408163265, "recall": 0.6491228070175439, "f1": 0.6981132075471698}, "Q1656682": {"true_positives": 17, "false_positives": 8, "false_negatives": 22, "ground_truth": 39, "precision": 0.68, "recall": 0.4358974358974359, "f1": 0.53125}, "Q431289": {"true_positives": 3, "false_positives": 0, "false_negatives": 0, "ground_truth": 3, "precision": 1.0, "recall": 1.0, "f1": 1.0}, "Q483394": {"true_positives": 4, "false_positives": 2, "false_negatives": 12, "ground_truth": 16, "precision": 0.6666666666666666, "recall": 0.25, "f1": 0.36363636363636365}, "Q17376908": {"true_positives": 0, "false_positives": 0, "false_negatives": 0, "ground_truth": 0, "precision": 0, "recall": 0, "f1": 0}, "Q43460564": {"true_positives": 0, "false_positives": 0, "false_negatives": 6, "ground_truth": 6, "precision": 0, "recall": 0.0, "f1": 0}, "Q16521": {"true_positives": 8, "false_positives": 2, "false_negatives": 10, "ground_truth": 18, "precision": 0.8, "recall": 0.4444444444444444, "f1": 0.5714285714285714}, "Q9174": {"true_positives": 0, "false_positives": 1, "false_negatives": 0, "ground_truth": 0, "precision": 0.0, "recall": 0, "f1": 0}, "Q7257": {"true_positives": 1, "false_positives": 1, "false_negatives": 0, "ground_truth": 1, "precision": 0.5, "recall": 1.0, "f1": 0.6666666666666666}, "Q4164871": {"true_positives": 15, "false_positives": 7, "false_negatives": 68, "ground_truth": 83, "precision": 0.6818181818181818, "recall": 0.18072289156626506, "f1": 0.2857142857142857}, "Q12737077": {"true_positives": 2, "false_positives": 1, "false_negatives": 63, "ground_truth": 65, "precision": 0.6666666666666666, "recall": 0.03076923076923077, "f1": 0.05882352941176471}, "Q11862829": {"true_positives": 2, "false_positives": 2, "false_negatives": 5, "ground_truth": 7, "precision": 0.5, "recall": 0.2857142857142857, "f1": 0.36363636363636365}, "Q21070598": {"true_positives": 0, "false_positives": 0, "false_negatives": 0, "ground_truth": 0, "precision": 0, "recall": 0, "f1": 0}, "Q618779": {"true_positives": 5, "false_positives": 0, "false_negatives": 5, "ground_truth": 10, "precision": 1.0, "recall": 0.5, "f1": 0.6666666666666666}, "Q12136": {"true_positives": 0, "false_positives": 0, "false_negatives": 0, "ground_truth": 0, "precision": 0, "recall": 0, "f1": 0}, "Q4392985": {"true_positives": 0, "false_positives": 0, "false_negatives": 0, "ground_truth": 0, "precision": 0, "recall": 0, "f1": 0}, "Q373899": {"true_positives": 0, "false_positives": 0, "false_negatives": 0, "ground_truth": 0, "precision": 0, "recall": 0, "f1": 0}, "Q22222786": {"true_positives": 0, "false_positives": 0, "false_negatives": 0, "ground_truth": 0, "precision": 0, "recall": 0, "f1": 0}, "Q33829": {"true_positives": 2, "false_positives": 0, "false_negatives": 2, "ground_truth": 4, "precision": 1.0, "recall": 0.5, "f1": 0.6666666666666666}, "Q1075": {"true_positives": 0, "false_positives": 0, "false_negatives": 6, "ground_truth": 6, "precision": 0, "recall": 0.0, "f1": 0}, "Q179661": {"true_positives": 0, "false_positives": 0, "false_negatives": 0, "ground_truth": 0, "precision": 0, "recall": 0, "f1": 0}, "Q169872": {"true_positives": 0, "false_positives": 0, "false_negatives": 0, "ground_truth": 0, "precision": 0, "recall": 0, "f1": 0}, "Q4936952": {"true_positives": 0, "false_positives": 0, "false_negatives": 0, "ground_truth": 0, "precision": 0, "recall": 0, "f1": 0}, "Q349": {"true_positives": 4, "false_positives": 0, "false_negatives": 1, "ground_truth": 5, "precision": 1.0, "recall": 0.8, "f1": 0.888888888888889}, "Q729": {"true_positives": 0, "false_positives": 0, "false_negatives": 0, "ground_truth": 0, "precision": 0, "recall": 0, "f1": 0}}}, "REQUIRED": {"mention_types": {"all": {"true_positives": 569, "false_positives": 262, "false_negatives": 373, "ground_truth": 942, "precision": 0.6847172081829122, "recall": 0.6040339702760085, "f1": 0.6418499717992104}, "entity": {"true_positives": 463, "false_positives": 199, "false_negatives": 282, "ground_truth": 745, "precision": 0.6993957703927492, "recall": 0.6214765100671141,