{"IGNORED": {"mention_types": {"all": {"true_positives": 515, "false_positives": 153, "false_negatives": 291, "ground_truth": 806, "precision": 0.7709580838323353, "recall": 0.6389578163771712, "f1": 0.6987788331071912}, "entity": {"true_positives": 428, "false_positives": 108, "false_negatives": 207, "ground_truth": 635, "precision": 0.7985074626865671, "recall": 0.6740157480314961, "f1": 0.7309991460290349}, "coref": {"true_positives": 87, "false_positives": 45, "false_negatives": 84, "ground_truth": 171, "precision": 0.6590909090909091, "recall": 0.5087719298245614, "f1": 0.5742574257425743}, "entity_named": {"true_positives": 410, "false_positives": 73, "false_negatives": 93, "ground_truth": 503, "precision": 0.8488612836438924, "recall": 0.8151093439363817, "f1": 0.8316430020283976}, "entity_non_named": {"true_positives": 17, "false_positives": 21, "false_negatives": 111, "ground_truth": 128, "precision": 0.4473684210526316, "recall": 0.1328125, "f1": 0.20481927710843373}, "entity_unknown": {"true_positives": 1, "false_positives": 14, "false_negatives": 3, "ground_truth": 4, "precision": 0.06666666666666667, "recall": 0.25, "f1": 0.10526315789473685}, "coref_nominal": {"true_positives": 14, "false_positives": 8, "false_negatives": 30, "ground_truth": 44, "precision": 0.6363636363636364, "recall": 0.3181818181818182, "f1": 0.4242424242424242}, "coref_pronominal": {"true_positives": 73, "false_positives": 37, "false_negatives": 54, "ground_truth": 127, "precision": 0.6636363636363637, "recall": 0.5748031496062992, "f1": 0.6160337552742615}}, "error_categories": {"ner": {"true_positives": 451, "false_positives": 82, "false_negatives": 184, "ground_truth": 635, "precision": 0.8461538461538461, "recall": 0.710236220472441, "f1": 0.7722602739726028}, "ner_fn": {"all": {"errors": 177, "total": 594}, "lowercased": {"errors": 98, "total": 123}, "partially_included": {"errors": 17, "total": 202}, "partial_overlap": {"errors": 8, "total": 471}, "other": {"errors": 54, "total": 471}}, "ner_fp": {"all": {"errors": 81, "total": 6593}, "lowercased": {"errors": 14, "total": 5097}, "groundtruth_unknown": {"errors": 12, "total": 102}, "other": {"errors": 55, "total": 1496}, "wrong_span": {"errors": 6, "total": 498}}, "wrong_disambiguation": {"all": {"errors": 20, "total": 417}, "demonym": {"errors": 2, "total": 21}, "metonymy": {"errors": 0, "total": 5}, "partial_name": {"errors": 5, "total": 60}, "rare": {"errors": 10, "total": 27}, "other": {"errors": 3, "total": 304}, "wrong_candidates": {"errors": 12, "total": 417}, "multiple_candidates": {"errors": 8, "total": 61}}, "other_errors": {"hyperlink": {"errors": 41, "total": 222}}, "wrong_coreference": {"undetected": {"errors": 56, "total": 171}, "wrong_mention_referenced": {"errors": 21, "total": 115}, "reference_wrongly_disambiguated": {"errors": 1, "total": 94}, "false_detection": 16}}, "entity_types": {"OTHER": {"true_positives": 15, "false_positives": 17, "false_negatives": 39, "ground_truth": 54, "precision": 0.46875, "recall": 0.2777777777777778, "f1": 0.3488372093023256}, "Q215627": {"true_positives": 120, "false_positives": 14, "false_negatives": 16, "ground_truth": 136, "precision": 0.8955223880597015, "recall": 0.8823529411764706, "f1": 0.888888888888889}, "Q27096213": {"true_positives": 149, "false_positives": 42, "false_negatives": 18, "ground_truth": 167, "precision": 0.7801047120418848, "recall": 0.8922155688622755, "f1": 0.8324022346368715}, "Q43229": {"true_positives": 140, "false_positives": 25, "false_negatives": 30, "ground_truth": 170, "precision": 0.8484848484848485, "recall": 0.8235294117647058, "f1": 0.8358208955223881}, "Q17537576": {"true_positives": 43, "false_positives": 8, "false_negatives": 4, "ground_truth": 47, "precision": 0.8431372549019608, "recall": 0.9148936170212766, "f1": 0.8775510204081632}, "Q2424752": {"true_positives": 39, "false_positives": 11, "false_negatives": 18, "ground_truth": 57, "precision": 0.78, "recall": 0.6842105263157895, "f1": 0.7289719626168225}, "Q1656682": {"true_positives": 18, "false_positives": 6, "false_negatives": 21, "ground_truth": 39, "precision": 0.75, "recall": 0.46153846153846156, "f1": 0.5714285714285714}, "Q431289": {"true_positives": 3, "false_positives": 0, "false_negatives": 0, "ground_truth": 3, "precision": 1.0, "recall": 1.0, "f1": 1.0}, "Q483394": {"true_positives": 4, "false_positives": 2, "false_negatives": 12, "ground_truth": 16, "precision": 0.6666666666666666, "recall": 0.25, "f1": 0.36363636363636365}, "Q17376908": {"true_positives": 0, "false_positives": 0, "false_negatives": 0, "ground_truth": 0, "precision": 0, "recall": 0, "f1": 0}, "Q43460564": {"true_positives": 0, "false_positives": 0, "false_negatives": 6, "ground_truth": 6, "precision": 0, "recall": 0.0, "f1": 0}, "Q16521": {"true_positives": 17, "false_positives": 3, "false_negatives": 1, "ground_truth": 18, "precision": 0.85, "recall": 0.9444444444444444, "f1": 0.8947368421052632}, "Q9174": {"true_positives": 0, "false_positives": 1, "false_negatives": 0, "ground_truth": 0, "precision": 0.0, "recall": 0, "f1": 0}, "Q7257": {"true_positives": 1, "false_positives": 1, "false_negatives": 0, "ground_truth": 1, "precision": 0.5, "recall": 1.0, "f1": 0.6666666666666666}, "Q4164871": {"true_positives": 17, "false_positives": 6, "false_negatives": 66, "ground_truth": 83, "precision": 0.7391304347826086, "recall": 0.20481927710843373, "f1": 0.3207547169811321}, "Q12737077": {"true_positives": 4, "false_positives": 2, "false_negatives": 61, "ground_truth": 65, "precision": 0.6666666666666666, "recall": 0.06153846153846154, "f1": 0.11267605633802817}, "Q11862829": {"true_positives": 2, "false_positives": 2, "false_negatives": 5, "ground_truth": 7, "precision": 0.5, "recall": 0.2857142857142857, "f1": 0.36363636363636365}, "Q21070598": {"true_positives": 0, "false_positives": 0, "false_negatives": 0, "ground_truth": 0, "precision": 0, "recall": 0, "f1": 0}, "Q618779": {"true_positives": 6, "false_positives": 0, "false_negatives": 4, "ground_truth": 10, "precision": 1.0, "recall": 0.6, "f1": 0.7499999999999999}, "Q12136": {"true_positives": 0, "false_positives": 0, "false_negatives": 0, "ground_truth": 0, "precision": 0, "recall": 0, "f1": 0}, "Q4392985": {"true_positives": 0, "false_positives": 0, "false_negatives": 0, "ground_truth": 0, "precision": 0, "recall": 0, "f1": 0}, "Q373899": {"true_positives": 0, "false_positives": 0, "false_negatives": 0, "ground_truth": 0, "precision": 0, "recall": 0, "f1": 0}, "Q22222786": {"true_positives": 0, "false_positives": 0, "false_negatives": 0, "ground_truth": 0, "precision": 0, "recall": 0, "f1": 0}, "Q33829": {"true_positives": 2, "false_positives": 0, "false_negatives": 2, "ground_truth": 4, "precision": 1.0, "recall": 0.5, "f1": 0.6666666666666666}, "Q1075": {"true_positives": 0, "false_positives": 0, "false_negatives": 6, "ground_truth": 6, "precision": 0, "recall": 0.0, "f1": 0}, "Q179661": {"true_positives": 0, "false_positives": 0, "false_negatives": 0, "ground_truth": 0, "precision": 0, "recall": 0, "f1": 0}, "Q169872": {"true_positives": 0, "false_positives": 0, "false_negatives": 0, "ground_truth": 0, "precision": 0, "recall": 0, "f1": 0}, "Q4936952": {"true_positives": 0, "false_positives": 0, "false_negatives": 0, "ground_truth": 0, "precision": 0, "recall": 0, "f1": 0}, "Q349": {"true_positives": 5, "false_positives": 0, "false_negatives": 0, "ground_truth": 5, "precision": 1.0, "recall": 1.0, "f1": 1.0}, "Q729": {"true_positives": 0, "false_positives": 0, "false_negatives": 0, "ground_truth": 0, "precision": 0, "recall": 0, "f1": 0}}}, "REQUIRED": {"mention_types": {"all": {"true_positives": 570, "false_positives": 194, "false_negatives": 372, "ground_truth": 942, "precision": 0.7460732984293194, "recall": 0.6050955414012739, "f1": 0.6682297772567408}, "entity": {"true_positives": 481, "false_positives": 144, "false_negatives": 264, "ground_truth": 745, "precision": 0.7696, "recall": 0.6456375838926175,