{"IGNORED": {"mention_types": {"all": {"true_positives": 512, "false_positives": 161, "false_negatives": 293, "ground_truth": 805, "precision": 0.7607726597325408, "recall": 0.6360248447204969, "f1": 0.692828146143437}, "entity": {"true_positives": 428, "false_positives": 110, "false_negatives": 206, "ground_truth": 634, "precision": 0.7955390334572491, "recall": 0.6750788643533123, "f1": 0.7303754266211604}, "coref": {"true_positives": 84, "false_positives": 51, "false_negatives": 87, "ground_truth": 171, "precision": 0.6222222222222222, "recall": 0.49122807017543857, "f1": 0.5490196078431373}, "entity_named": {"true_positives": 410, "false_positives": 75, "false_negatives": 93, "ground_truth": 503, "precision": 0.845360824742268, "recall": 0.8151093439363817, "f1": 0.8299595141700404}, "entity_non_named": {"true_positives": 17, "false_positives": 21, "false_negatives": 111, "ground_truth": 128, "precision": 0.4473684210526316, "recall": 0.1328125, "f1": 0.20481927710843373}, "entity_unknown": {"true_positives": 1, "false_positives": 14, "false_negatives": 2, "ground_truth": 3, "precision": 0.06666666666666667, "recall": 0.3333333333333333, "f1": 0.1111111111111111}, "coref_nominal": {"true_positives": 10, "false_positives": 17, "false_negatives": 34, "ground_truth": 44, "precision": 0.37037037037037035, "recall": 0.22727272727272727, "f1": 0.2816901408450704}, "coref_pronominal": {"true_positives": 74, "false_positives": 34, "false_negatives": 53, "ground_truth": 127, "precision": 0.6851851851851852, "recall": 0.5826771653543307, "f1": 0.6297872340425532}}, "error_categories": {"ner": {"true_positives": 452, "false_positives": 82, "false_negatives": 182, "ground_truth": 634, "precision": 0.846441947565543, "recall": 0.7129337539432177, "f1": 0.7739726027397261}, "ner_fn": {"all": {"errors": 176, "total": 593}, "lowercased": {"errors": 97, "total": 122}, "partially_included": {"errors": 17, "total": 202}, "partial_overlap": {"errors": 8, "total": 471}, "other": {"errors": 54, "total": 471}}, "ner_fp": {"all": {"errors": 81, "total": 6593}, "lowercased": {"errors": 14, "total": 5097}, "groundtruth_unknown": {"errors": 12, "total": 102}, "other": {"errors": 55, "total": 1496}, "wrong_span": {"errors": 8, "total": 500}}, "wrong_disambiguation": {"all": {"errors": 20, "total": 417}, "demonym": {"errors": 2, "total": 21}, "metonymy": {"errors": 0, "total": 5}, "partial_name": {"errors": 5, "total": 60}, "rare": {"errors": 10, "total": 27}, "other": {"errors": 3, "total": 304}, "wrong_candidates": {"errors": 12, "total": 417}, "multiple_candidates": {"errors": 8, "total": 61}}, "other_errors": {"hyperlink": {"errors": 41, "total": 222}}, "wrong_coreference": {"undetected": {"errors": 53, "total": 171}, "wrong_mention_referenced": {"errors": 31, "total": 118}, "reference_wrongly_disambiguated": {"errors": 1, "total": 87}, "false_detection": 16}}, "entity_types": {"OTHER": {"true_positives": 15, "false_positives": 17, "false_negatives": 38, "ground_truth": 53, "precision": 0.46875, "recall": 0.2830188679245283, "f1": 0.35294117647058826}, "Q215627": {"true_positives": 120, "false_positives": 14, "false_negatives": 16, "ground_truth": 136, "precision": 0.8955223880597015, "recall": 0.8823529411764706, "f1": 0.888888888888889}, "Q27096213": {"true_positives": 149, "false_positives": 43, "false_negatives": 18, "ground_truth": 167, "precision": 0.7760416666666666, "recall": 0.8922155688622755, "f1": 0.8300835654596099}, "Q43229": {"true_positives": 140, "false_positives": 25, "false_negatives": 30, "ground_truth": 170, "precision": 0.8484848484848485, "recall": 0.8235294117647058, "f1": 0.8358208955223881}, "Q17537576": {"true_positives": 43, "false_positives": 8, "false_negatives": 4, "ground_truth": 47, "precision": 0.8431372549019608, "recall": 0.9148936170212766, "f1": 0.8775510204081632}, "Q2424752": {"true_positives": 39, "false_positives": 12, "false_negatives": 18, "ground_truth": 57, "precision": 0.7647058823529411, "recall": 0.6842105263157895, "f1": 0.7222222222222222}, "Q1656682": {"true_positives": 18, "false_positives": 6, "false_negatives": 21, "ground_truth": 39, "precision": 0.75, "recall": 0.46153846153846156, "f1": 0.5714285714285714}, "Q431289": {"true_positives": 3, "false_positives": 0, "false_negatives": 0, "ground_truth": 3, "precision": 1.0, "recall": 1.0, "f1": 1.0}, "Q483394": {"true_positives": 4, "false_positives": 2, "false_negatives": 12, "ground_truth": 16, "precision": 0.6666666666666666, "recall": 0.25, "f1": 0.36363636363636365}, "Q17376908": {"true_positives": 0, "false_positives": 0, "false_negatives": 0, "ground_truth": 0, "precision": 0, "recall": 0, "f1": 0}, "Q43460564": {"true_positives": 0, "false_positives": 0, "false_negatives": 6, "ground_truth": 6, "precision": 0, "recall": 0.0, "f1": 0}, "Q16521": {"true_positives": 17, "false_positives": 3, "false_negatives": 1, "ground_truth": 18, "precision": 0.85, "recall": 0.9444444444444444, "f1": 0.8947368421052632}, "Q9174": {"true_positives": 0, "false_positives": 1, "false_negatives": 0, "ground_truth": 0, "precision": 0.0, "recall": 0, "f1": 0}, "Q7257": {"true_positives": 1, "false_positives": 1, "false_negatives": 0, "ground_truth": 1, "precision": 0.5, "recall": 1.0, "f1": 0.6666666666666666}, "Q4164871": {"true_positives": 17, "false_positives": 6, "false_negatives": 66, "ground_truth": 83, "precision": 0.7391304347826086, "recall": 0.20481927710843373, "f1": 0.3207547169811321}, "Q12737077": {"true_positives": 4, "false_positives": 2, "false_negatives": 61, "ground_truth": 65, "precision": 0.6666666666666666, "recall": 0.06153846153846154, "f1": 0.11267605633802817}, "Q11862829": {"true_positives": 2, "false_positives": 2, "false_negatives": 5, "ground_truth": 7, "precision": 0.5, "recall": 0.2857142857142857, "f1": 0.36363636363636365}, "Q21070598": {"true_positives": 0, "false_positives": 0, "false_negatives": 0, "ground_truth": 0, "precision": 0, "recall": 0, "f1": 0}, "Q618779": {"true_positives": 6, "false_positives": 0, "false_negatives": 4, "ground_truth": 10, "precision": 1.0, "recall": 0.6, "f1": 0.7499999999999999}, "Q12136": {"true_positives": 0, "false_positives": 0, "false_negatives": 0, "ground_truth": 0, "precision": 0, "recall": 0, "f1": 0}, "Q4392985": {"true_positives": 0, "false_positives": 0, "false_negatives": 0, "ground_truth": 0, "precision": 0, "recall": 0, "f1": 0}, "Q373899": {"true_positives": 0, "false_positives": 0, "false_negatives": 0, "ground_truth": 0, "precision": 0, "recall": 0, "f1": 0}, "Q22222786": {"true_positives": 0, "false_positives": 0, "false_negatives": 0, "ground_truth": 0, "precision": 0, "recall": 0, "f1": 0}, "Q33829": {"true_positives": 2, "false_positives": 0, "false_negatives": 2, "ground_truth": 4, "precision": 1.0, "recall": 0.5, "f1": 0.6666666666666666}, "Q1075": {"true_positives": 0, "false_positives": 0, "false_negatives": 6, "ground_truth": 6, "precision": 0, "recall": 0.0, "f1": 0}, "Q179661": {"true_positives": 0, "false_positives": 0, "false_negatives": 0, "ground_truth": 0, "precision": 0, "recall": 0, "f1": 0}, "Q169872": {"true_positives": 0, "false_positives": 0, "false_negatives": 0, "ground_truth": 0, "precision": 0, "recall": 0, "f1": 0}, "Q4936952": {"true_positives": 0, "false_positives": 0, "false_negatives": 0, "ground_truth": 0, "precision": 0, "recall": 0, "f1": 0}, "Q349": {"true_positives": 5, "false_positives": 0, "false_negatives": 0, "ground_truth": 5, "precision": 1.0, "recall": 1.0, "f1": 1.0}, "Q729": {"true_positives": 0, "false_positives": 0, "false_negatives": 0, "ground_truth": 0, "precision": 0, "recall": 0, "f1": 0}}}, "REQUIRED": {"mention_types": {"all": {"true_positives": 570, "false_positives": 201, "false_negatives": 372, "ground_truth": 942, "precision": 0.7392996108949417, "recall": 0.6050955414012739, "f1": 0.6654991243432574}, "entity": {"true_positives": 481, "false_positives": 146, "false_negatives": 264, "ground_truth": 745, "precision": 0.7671451355661882,