{"IGNORED": {"mention_types": {"all": {"true_positives": 459, "false_positives": 130, "false_negatives": 355, "ground_truth": 814, "precision": 0.7792869269949066, "recall": 0.5638820638820639, "f1": 0.6543121881682109}, "entity": {"true_positives": 368, "false_positives": 91, "false_negatives": 275, "ground_truth": 643, "precision": 0.8017429193899782, "recall": 0.5723172628304821, "f1": 0.6678765880217785}, "coref": {"true_positives": 91, "false_positives": 39, "false_negatives": 80, "ground_truth": 171, "precision": 0.7, "recall": 0.5321637426900585, "f1": 0.6046511627906976}, "entity_named": {"true_positives": 365, "false_positives": 62, "false_negatives": 145, "ground_truth": 510, "precision": 0.8548009367681498, "recall": 0.7156862745098039, "f1": 0.7790821771611526}, "entity_non_named": {"true_positives": 2, "false_positives": 10, "false_negatives": 127, "ground_truth": 129, "precision": 0.16666666666666666, "recall": 0.015503875968992248, "f1": 0.028368794326241134}, "entity_unknown": {"true_positives": 1, "false_positives": 19, "false_negatives": 3, "ground_truth": 4, "precision": 0.05, "recall": 0.25, "f1": 0.08333333333333334}, "coref_nominal": {"true_positives": 23, "false_positives": 25, "false_negatives": 21, "ground_truth": 44, "precision": 0.4791666666666667, "recall": 0.5227272727272727, "f1": 0.5}, "coref_pronominal": {"true_positives": 68, "false_positives": 14, "false_negatives": 59, "ground_truth": 127, "precision": 0.8292682926829268, "recall": 0.5354330708661418, "f1": 0.6507177033492824}}, "error_categories": {"ner": {"true_positives": 394, "false_positives": 62, "false_negatives": 249, "ground_truth": 643, "precision": 0.8640350877192983, "recall": 0.6127527216174183, "f1": 0.7170154686078253}, "ner_fn": {"all": {"errors": 239, "total": 596}, "lowercased": {"errors": 118, "total": 122}, "partially_included": {"errors": 15, "total": 204}, "partial_overlap": {"errors": 5, "total": 474}, "other": {"errors": 101, "total": 474}}, "ner_fp": {"all": {"errors": 61, "total": 6593}, "lowercased": {"errors": 10, "total": 5097}, "groundtruth_unknown": {"errors": 16, "total": 102}, "other": {"errors": 35, "total": 1496}, "wrong_span": {"errors": 4, "total": 420}}, "wrong_disambiguation": {"all": {"errors": 23, "total": 357}, "demonym": {"errors": 1, "total": 22}, "metonymy": {"errors": 0, "total": 3}, "partial_name": {"errors": 6, "total": 56}, "rare": {"errors": 10, "total": 17}, "other": {"errors": 6, "total": 259}, "wrong_candidates": {"errors": 7, "total": 357}, "multiple_candidates": {"errors": 16, "total": 246}}, "other_errors": {"hyperlink": {"errors": 66, "total": 207}}, "wrong_coreference": {"undetected": {"errors": 68, "total": 171}, "wrong_mention_referenced": {"errors": 6, "total": 103}, "reference_wrongly_disambiguated": {"errors": 2, "total": 97}, "false_detection": 25}}, "entity_types": {"OTHER": {"true_positives": 14, "false_positives": 17, "false_negatives": 40, "ground_truth": 54, "precision": 0.45161290322580644, "recall": 0.25925925925925924, "f1": 0.32941176470588235}, "Q215627": {"true_positives": 107, "false_positives": 15, "false_negatives": 29, "ground_truth": 136, "precision": 0.8770491803278688, "recall": 0.7867647058823529, "f1": 0.8294573643410852}, "Q27096213": {"true_positives": 144, "false_positives": 32, "false_negatives": 24, "ground_truth": 168, "precision": 0.8181818181818182, "recall": 0.8571428571428571, "f1": 0.8372093023255814}, "Q43229": {"true_positives": 136, "false_positives": 27, "false_negatives": 40, "ground_truth": 176, "precision": 0.8343558282208589, "recall": 0.7727272727272727, "f1": 0.8023598820058997}, "Q17537576": {"true_positives": 37, "false_positives": 9, "false_negatives": 10, "ground_truth": 47, "precision": 0.8043478260869565, "recall": 0.7872340425531915, "f1": 0.795698924731183}, "Q2424752": {"true_positives": 28, "false_positives": 8, "false_negatives": 29, "ground_truth": 57, "precision": 0.7777777777777778, "recall": 0.49122807017543857, "f1": 0.6021505376344085}, "Q1656682": {"true_positives": 20, "false_positives": 6, "false_negatives": 26, "ground_truth": 46, "precision": 0.7692307692307693, "recall": 0.43478260869565216, "f1": 0.5555555555555555}, "Q431289": {"true_positives": 3, "false_positives": 0, "false_negatives": 0, "ground_truth": 3, "precision": 1.0, "recall": 1.0, "f1": 1.0}, "Q483394": {"true_positives": 3, "false_positives": 1, "false_negatives": 13, "ground_truth": 16, "precision": 0.75, "recall": 0.1875, "f1": 0.3}, "Q17376908": {"true_positives": 0, "false_positives": 0, "false_negatives": 0, "ground_truth": 0, "precision": 0, "recall": 0, "f1": 0}, "Q43460564": {"true_positives": 0, "false_positives": 0, "false_negatives": 6, "ground_truth": 6, "precision": 0, "recall": 0.0, "f1": 0}, "Q16521": {"true_positives": 3, "false_positives": 0, "false_negatives": 15, "ground_truth": 18, "precision": 1.0, "recall": 0.16666666666666666, "f1": 0.2857142857142857}, "Q9174": {"true_positives": 0, "false_positives": 1, "false_negatives": 0, "ground_truth": 0, "precision": 0.0, "recall": 0, "f1": 0}, "Q7257": {"true_positives": 0, "false_positives": 1, "false_negatives": 1, "ground_truth": 1, "precision": 0.0, "recall": 0.0, "f1": 0}, "Q4164871": {"true_positives": 11, "false_positives": 5, "false_negatives": 72, "ground_truth": 83, "precision": 0.6875, "recall": 0.13253012048192772, "f1": 0.22222222222222224}, "Q12737077": {"true_positives": 1, "false_positives": 0, "false_negatives": 64, "ground_truth": 65, "precision": 1.0, "recall": 0.015384615384615385, "f1": 0.030303030303030307}, "Q11862829": {"true_positives": 0, "false_positives": 0, "false_negatives": 7, "ground_truth": 7, "precision": 0, "recall": 0.0, "f1": 0}, "Q21070598": {"true_positives": 0, "false_positives": 0, "false_negatives": 0, "ground_truth": 0, "precision": 0, "recall": 0, "f1": 0}, "Q618779": {"true_positives": 6, "false_positives": 0, "false_negatives": 4, "ground_truth": 10, "precision": 1.0, "recall": 0.6, "f1": 0.7499999999999999}, "Q12136": {"true_positives": 0, "false_positives": 0, "false_negatives": 0, "ground_truth": 0, "precision": 0, "recall": 0, "f1": 0}, "Q4392985": {"true_positives": 0, "false_positives": 0, "false_negatives": 0, "ground_truth": 0, "precision": 0, "recall": 0, "f1": 0}, "Q373899": {"true_positives": 0, "false_positives": 0, "false_negatives": 0, "ground_truth": 0, "precision": 0, "recall": 0, "f1": 0}, "Q22222786": {"true_positives": 0, "false_positives": 0, "false_negatives": 0, "ground_truth": 0, "precision": 0, "recall": 0, "f1": 0}, "Q33829": {"true_positives": 4, "false_positives": 0, "false_negatives": 0, "ground_truth": 4, "precision": 1.0, "recall": 1.0, "f1": 1.0}, "Q1075": {"true_positives": 0, "false_positives": 0, "false_negatives": 6, "ground_truth": 6, "precision": 0, "recall": 0.0, "f1": 0}, "Q179661": {"true_positives": 0, "false_positives": 0, "false_negatives": 0, "ground_truth": 0, "precision": 0, "recall": 0, "f1": 0}, "Q169872": {"true_positives": 0, "false_positives": 0, "false_negatives": 0, "ground_truth": 0, "precision": 0, "recall": 0, "f1": 0}, "Q4936952": {"true_positives": 0, "false_positives": 0, "false_negatives": 0, "ground_truth": 0, "precision": 0, "recall": 0, "f1": 0}, "Q349": {"true_positives": 1, "false_positives": 0, "false_negatives": 4, "ground_truth": 5, "precision": 1.0, "recall": 0.2, "f1": 0.33333333333333337}, "Q729": {"true_positives": 0, "false_positives": 0, "false_negatives": 0, "ground_truth": 0, "precision": 0, "recall": 0, "f1": 0}}}, "REQUIRED": {"mention_types": {"all": {"true_positives": 529, "false_positives": 210, "false_negatives": 421, "ground_truth": 950, "precision": 0.7158322056833559, "recall": 0.5568421052631579, "f1": 0.6264061574896389}, "entity": {"true_positives": 428, "false_positives": 160, "false_negatives": 325, "ground_truth": 753, "precision": 0.7278911564625851, "recall": 0.5683930942895087, "f1": 0.6383296047725578}, "coref": {"true_positives": 101, "false_positives": 50,