{"IGNORED": {"mention_types": {"all": {"true_positives": 437, "false_positives": 130, "false_negatives": 377, "ground_truth": 814, "precision": 0.7707231040564374, "recall": 0.5368550368550369, "f1": 0.6328747284576394}, "entity": {"true_positives": 364, "false_positives": 87, "false_negatives": 279, "ground_truth": 643, "precision": 0.8070953436807096, "recall": 0.5660964230171073, "f1": 0.6654478976234004}, "coref": {"true_positives": 73, "false_positives": 43, "false_negatives": 98, "ground_truth": 171, "precision": 0.6293103448275862, "recall": 0.4269005847953216, "f1": 0.5087108013937282}, "entity_named": {"true_positives": 361, "false_positives": 59, "false_negatives": 149, "ground_truth": 510, "precision": 0.8595238095238096, "recall": 0.707843137254902, "f1": 0.7763440860215054}, "entity_non_named": {"true_positives": 2, "false_positives": 10, "false_negatives": 127, "ground_truth": 129, "precision": 0.16666666666666666, "recall": 0.015503875968992248, "f1": 0.028368794326241134}, "entity_unknown": {"true_positives": 1, "false_positives": 18, "false_negatives": 3, "ground_truth": 4, "precision": 0.05263157894736842, "recall": 0.25, "f1": 0.08695652173913043}, "coref_nominal": {"true_positives": 12, "false_positives": 8, "false_negatives": 32, "ground_truth": 44, "precision": 0.6, "recall": 0.2727272727272727, "f1": 0.37499999999999994}, "coref_pronominal": {"true_positives": 61, "false_positives": 35, "false_negatives": 66, "ground_truth": 127, "precision": 0.6354166666666666, "recall": 0.48031496062992124, "f1": 0.547085201793722}}, "error_categories": {"ner": {"true_positives": 389, "false_positives": 58, "false_negatives": 254, "ground_truth": 643, "precision": 0.8702460850111857, "recall": 0.6049766718506998, "f1": 0.7137614678899082}, "ner_fn": {"all": {"errors": 244, "total": 597}, "lowercased": {"errors": 119, "total": 123}, "partially_included": {"errors": 15, "total": 204}, "partial_overlap": {"errors": 5, "total": 474}, "other": {"errors": 105, "total": 474}}, "ner_fp": {"all": {"errors": 57, "total": 6593}, "lowercased": {"errors": 6, "total": 5097}, "groundtruth_unknown": {"errors": 16, "total": 102}, "other": {"errors": 35, "total": 1496}, "wrong_span": {"errors": 2, "total": 410}}, "wrong_disambiguation": {"all": {"errors": 23, "total": 353}, "demonym": {"errors": 1, "total": 22}, "metonymy": {"errors": 0, "total": 3}, "partial_name": {"errors": 6, "total": 53}, "rare": {"errors": 10, "total": 17}, "other": {"errors": 6, "total": 258}, "wrong_candidates": {"errors": 7, "total": 353}, "multiple_candidates": {"errors": 16, "total": 246}}, "other_errors": {"hyperlink": {"errors": 67, "total": 207}}, "wrong_coreference": {"undetected": {"errors": 69, "total": 171}, "wrong_mention_referenced": {"errors": 22, "total": 102}, "reference_wrongly_disambiguated": {"errors": 1, "total": 80}, "false_detection": 13}}, "entity_types": {"OTHER": {"true_positives": 14, "false_positives": 17, "false_negatives": 40, "ground_truth": 54, "precision": 0.45161290322580644, "recall": 0.25925925925925924, "f1": 0.32941176470588235}, "Q215627": {"true_positives": 103, "false_positives": 13, "false_negatives": 33, "ground_truth": 136, "precision": 0.8879310344827587, "recall": 0.7573529411764706, "f1": 0.8174603174603174}, "Q27096213": {"true_positives": 144, "false_positives": 31, "false_negatives": 24, "ground_truth": 168, "precision": 0.8228571428571428, "recall": 0.8571428571428571, "f1": 0.8396501457725947}, "Q43229": {"true_positives": 136, "false_positives": 27, "false_negatives": 40, "ground_truth": 176, "precision": 0.8343558282208589, "recall": 0.7727272727272727, "f1": 0.8023598820058997}, "Q17537576": {"true_positives": 37, "false_positives": 7, "false_negatives": 10, "ground_truth": 47, "precision": 0.8409090909090909, "recall": 0.7872340425531915, "f1": 0.8131868131868133}, "Q2424752": {"true_positives": 28, "false_positives": 7, "false_negatives": 29, "ground_truth": 57, "precision": 0.8, "recall": 0.49122807017543857, "f1": 0.6086956521739131}, "Q1656682": {"true_positives": 20, "false_positives": 6, "false_negatives": 26, "ground_truth": 46, "precision": 0.7692307692307693, "recall": 0.43478260869565216, "f1": 0.5555555555555555}, "Q431289": {"true_positives": 3, "false_positives": 0, "false_negatives": 0, "ground_truth": 3, "precision": 1.0, "recall": 1.0, "f1": 1.0}, "Q483394": {"true_positives": 3, "false_positives": 1, "false_negatives": 13, "ground_truth": 16, "precision": 0.75, "recall": 0.1875, "f1": 0.3}, "Q17376908": {"true_positives": 0, "false_positives": 0, "false_negatives": 0, "ground_truth": 0, "precision": 0, "recall": 0, "f1": 0}, "Q43460564": {"true_positives": 0, "false_positives": 0, "false_negatives": 6, "ground_truth": 6, "precision": 0, "recall": 0.0, "f1": 0}, "Q16521": {"true_positives": 3, "false_positives": 0, "false_negatives": 15, "ground_truth": 18, "precision": 1.0, "recall": 0.16666666666666666, "f1": 0.2857142857142857}, "Q9174": {"true_positives": 0, "false_positives": 1, "false_negatives": 0, "ground_truth": 0, "precision": 0.0, "recall": 0, "f1": 0}, "Q7257": {"true_positives": 0, "false_positives": 1, "false_negatives": 1, "ground_truth": 1, "precision": 0.0, "recall": 0.0, "f1": 0}, "Q4164871": {"true_positives": 11, "false_positives": 5, "false_negatives": 72, "ground_truth": 83, "precision": 0.6875, "recall": 0.13253012048192772, "f1": 0.22222222222222224}, "Q12737077": {"true_positives": 1, "false_positives": 0, "false_negatives": 64, "ground_truth": 65, "precision": 1.0, "recall": 0.015384615384615385, "f1": 0.030303030303030307}, "Q11862829": {"true_positives": 0, "false_positives": 0, "false_negatives": 7, "ground_truth": 7, "precision": 0, "recall": 0.0, "f1": 0}, "Q21070598": {"true_positives": 0, "false_positives": 0, "false_negatives": 0, "ground_truth": 0, "precision": 0, "recall": 0, "f1": 0}, "Q618779": {"true_positives": 6, "false_positives": 0, "false_negatives": 4, "ground_truth": 10, "precision": 1.0, "recall": 0.6, "f1": 0.7499999999999999}, "Q12136": {"true_positives": 0, "false_positives": 0, "false_negatives": 0, "ground_truth": 0, "precision": 0, "recall": 0, "f1": 0}, "Q4392985": {"true_positives": 0, "false_positives": 0, "false_negatives": 0, "ground_truth": 0, "precision": 0, "recall": 0, "f1": 0}, "Q373899": {"true_positives": 0, "false_positives": 0, "false_negatives": 0, "ground_truth": 0, "precision": 0, "recall": 0, "f1": 0}, "Q22222786": {"true_positives": 0, "false_positives": 0, "false_negatives": 0, "ground_truth": 0, "precision": 0, "recall": 0, "f1": 0}, "Q33829": {"true_positives": 4, "false_positives": 0, "false_negatives": 0, "ground_truth": 4, "precision": 1.0, "recall": 1.0, "f1": 1.0}, "Q1075": {"true_positives": 0, "false_positives": 0, "false_negatives": 6, "ground_truth": 6, "precision": 0, "recall": 0.0, "f1": 0}, "Q179661": {"true_positives": 0, "false_positives": 0, "false_negatives": 0, "ground_truth": 0, "precision": 0, "recall": 0, "f1": 0}, "Q169872": {"true_positives": 0, "false_positives": 0, "false_negatives": 0, "ground_truth": 0, "precision": 0, "recall": 0, "f1": 0}, "Q4936952": {"true_positives": 0, "false_positives": 0, "false_negatives": 0, "ground_truth": 0, "precision": 0, "recall": 0, "f1": 0}, "Q349": {"true_positives": 1, "false_positives": 0, "false_negatives": 4, "ground_truth": 5, "precision": 1.0, "recall": 0.2, "f1": 0.33333333333333337}, "Q729": {"true_positives": 0, "false_positives": 0, "false_negatives": 0, "ground_truth": 0, "precision": 0, "recall": 0, "f1": 0}}}, "REQUIRED": {"mention_types": {"all": {"true_positives": 499, "false_positives": 208, "false_negatives": 451, "ground_truth": 950, "precision": 0.7057991513437057, "recall": 0.5252631578947369, "f1": 0.6022933011466506}, "entity": {"true_positives": 424, "false_positives": 155, "false_negatives": 329, "ground_truth": 753, "precision": 0.7322970639032815, "recall": 0.5630810092961488, "f1": 0.6366366366366366}, "coref": {"true_positives": 75,