{"IGNORED": {"mention_types": {"all": {"true_positives": 94, "false_positives": 335, "false_negatives": 237, "ground_truth": 331, "precision": 0.2191142191142191, "recall": 0.283987915407855, "f1": 0.2473684210526316}, "entity": {"true_positives": 93, "false_positives": 297, "false_negatives": 136, "ground_truth": 229, "precision": 0.23846153846153847, "recall": 0.40611353711790393, "f1": 0.3004846526655897}, "coref": {"true_positives": 1, "false_positives": 38, "false_negatives": 101, "ground_truth": 102, "precision": 0.02564102564102564, "recall": 0.00980392156862745, "f1": 0.014184397163120567}, "entity_named": {"true_positives": 78, "false_positives": 63, "false_negatives": 88, "ground_truth": 166, "precision": 0.5531914893617021, "recall": 0.46987951807228917, "f1": 0.5081433224755701}, "entity_non_named": {"true_positives": 14, "false_positives": 232, "false_negatives": 46, "ground_truth": 60, "precision": 0.056910569105691054, "recall": 0.23333333333333334, "f1": 0.09150326797385622}, "entity_unknown": {"true_positives": 1, "false_positives": 2, "false_negatives": 2, "ground_truth": 3, "precision": 0.3333333333333333, "recall": 0.3333333333333333, "f1": 0.3333333333333333}, "coref_nominal": {"true_positives": 1, "false_positives": 38, "false_negatives": 22, "ground_truth": 23, "precision": 0.02564102564102564, "recall": 0.043478260869565216, "f1": 0.03225806451612904}, "coref_pronominal": {"true_positives": 0, "false_positives": 0, "false_negatives": 79, "ground_truth": 79, "precision": 0, "recall": 0.0, "f1": 0}}, "error_categories": {"ner": {"true_positives": 113, "false_positives": 275, "false_negatives": 116, "ground_truth": 229, "precision": 0.2912371134020619, "recall": 0.49344978165938863, "f1": 0.3662884927066451}, "ner_fn": {"all": {"errors": 114, "total": 220}, "lowercased": {"errors": 40, "total": 61}, "partially_included": {"errors": 10, "total": 62}, "partial_overlap": {"errors": 4, "total": 159}, "other": {"errors": 60, "total": 159}}, "ner_fp": {"all": {"errors": 275, "total": 3507}, "lowercased": {"errors": 214, "total": 2905}, "groundtruth_unknown": {"errors": 1, "total": 41}, "other": {"errors": 60, "total": 602}, "wrong_span": {"errors": 12, "total": 382}}, "wrong_disambiguation": {"all": {"errors": 17, "total": 106}, "demonym": {"errors": 0, "total": 0}, "metonymy": {"errors": 0, "total": 2}, "partial_name": {"errors": 5, "total": 21}, "rare": {"errors": 5, "total": 7}, "other": {"errors": 7, "total": 76}, "wrong_candidates": null, "multiple_candidates": null}, "other_errors": {"hyperlink": {"errors": 0, "total": 0}}, "wrong_coreference": {"undetected": {"errors": 95, "total": 102}, "wrong_mention_referenced": {"errors": 1, "total": 7}, "reference_wrongly_disambiguated": {"errors": 0, "total": 6}, "false_detection": 0}}, "entity_types": {"OTHER": {"true_positives": 5, "false_positives": 202, "false_negatives": 17, "ground_truth": 22, "precision": 0.024154589371980676, "recall": 0.22727272727272727, "f1": 0.043668122270742356}, "Q215627": {"true_positives": 26, "false_positives": 9, "false_negatives": 31, "ground_truth": 57, "precision": 0.7428571428571429, "recall": 0.45614035087719296, "f1": 0.5652173913043478}, "Q27096213": {"true_positives": 22, "false_positives": 16, "false_negatives": 11, "ground_truth": 33, "precision": 0.5789473684210527, "recall": 0.6666666666666666, "f1": 0.619718309859155}, "Q43229": {"true_positives": 43, "false_positives": 39, "false_negatives": 34, "ground_truth": 77, "precision": 0.524390243902439, "recall": 0.5584415584415584, "f1": 0.540880503144654}, "Q17537576": {"true_positives": 9, "false_positives": 13, "false_negatives": 8, "ground_truth": 17, "precision": 0.4090909090909091, "recall": 0.5294117647058824, "f1": 0.46153846153846156}, "Q2424752": {"true_positives": 20, "false_positives": 24, "false_negatives": 25, "ground_truth": 45, "precision": 0.45454545454545453, "recall": 0.4444444444444444, "f1": 0.44943820224719094}, "Q1656682": {"true_positives": 0, "false_positives": 7, "false_negatives": 4, "ground_truth": 4, "precision": 0.0, "recall": 0.0, "f1": 0}, "Q431289": {"true_positives": 0, "false_positives": 0, "false_negatives": 0, "ground_truth": 0, "precision": 0, "recall": 0, "f1": 0}, "Q483394": {"true_positives": 0, "false_positives": 10, "false_negatives": 5, "ground_truth": 5, "precision": 0.0, "recall": 0.0, "f1": 0}, "Q17376908": {"true_positives": 0, "false_positives": 0, "false_negatives": 0, "ground_truth": 0, "precision": 0, "recall": 0, "f1": 0}, "Q43460564": {"true_positives": 0, "false_positives": 0, "false_negatives": 0, "ground_truth": 0, "precision": 0, "recall": 0, "f1": 0}, "Q16521": {"true_positives": 0, "false_positives": 1, "false_negatives": 1, "ground_truth": 1, "precision": 0.0, "recall": 0.0, "f1": 0}, "Q9174": {"true_positives": 0, "false_positives": 0, "false_negatives": 0, "ground_truth": 0, "precision": 0, "recall": 0, "f1": 0}, "Q7257": {"true_positives": 0, "false_positives": 3, "false_negatives": 0, "ground_truth": 0, "precision": 0.0, "recall": 0, "f1": 0}, "Q4164871": {"true_positives": 6, "false_positives": 12, "false_negatives": 23, "ground_truth": 29, "precision": 0.3333333333333333, "recall": 0.20689655172413793, "f1": 0.2553191489361702}, "Q12737077": {"true_positives": 4, "false_positives": 8, "false_negatives": 20, "ground_truth": 24, "precision": 0.3333333333333333, "recall": 0.16666666666666666, "f1": 0.2222222222222222}, "Q11862829": {"true_positives": 0, "false_positives": 5, "false_negatives": 2, "ground_truth": 2, "precision": 0.0, "recall": 0.0, "f1": 0}, "Q21070598": {"true_positives": 0, "false_positives": 1, "false_negatives": 0, "ground_truth": 0, "precision": 0.0, "recall": 0, "f1": 0}, "Q618779": {"true_positives": 0, "false_positives": 3, "false_negatives": 0, "ground_truth": 0, "precision": 0.0, "recall": 0, "f1": 0}, "Q12136": {"true_positives": 0, "false_positives": 0, "false_negatives": 0, "ground_truth": 0, "precision": 0, "recall": 0, "f1": 0}, "Q4392985": {"true_positives": 0, "false_positives": 0, "false_negatives": 0, "ground_truth": 0, "precision": 0, "recall": 0, "f1": 0}, "Q373899": {"true_positives": 0, "false_positives": 0, "false_negatives": 0, "ground_truth": 0, "precision": 0, "recall": 0, "f1": 0}, "Q22222786": {"true_positives": 0, "false_positives": 0, "false_negatives": 0, "ground_truth": 0, "precision": 0, "recall": 0, "f1": 0}, "Q33829": {"true_positives": 1, "false_positives": 0, "false_negatives": 2, "ground_truth": 3, "precision": 1.0, "recall": 0.3333333333333333, "f1": 0.5}, "Q1075": {"true_positives": 0, "false_positives": 1, "false_negatives": 1, "ground_truth": 1, "precision": 0.0, "recall": 0.0, "f1": 0}, "Q179661": {"true_positives": 0, "false_positives": 0, "false_negatives": 0, "ground_truth": 0, "precision": 0, "recall": 0, "f1": 0}, "Q169872": {"true_positives": 2, "false_positives": 1, "false_negatives": 1, "ground_truth": 3, "precision": 0.6666666666666666, "recall": 0.6666666666666666, "f1": 0.6666666666666666}, "Q4936952": {"true_positives": 0, "false_positives": 0, "false_negatives": 2, "ground_truth": 2, "precision": 0, "recall": 0.0, "f1": 0}, "Q349": {"true_positives": 0, "false_positives": 1, "false_negatives": 2, "ground_truth": 2, "precision": 0.0, "recall": 0.0, "f1": 0}, "Q729": {"true_positives": 0, "false_positives": 0, "false_negatives": 0, "ground_truth": 0, "precision": 0, "recall": 0, "f1": 0}}}, "REQUIRED": {"mention_types": {"all": {"true_positives": 93, "false_positives": 336, "false_negatives": 325, "ground_truth": 418, "precision": 0.21678321678321677, "recall": 0.22248803827751196, "f1": 0.21959858323494685}, "entity": {"true_positives": 92, "false_positives": 298, "false_negatives": 183, "ground_truth": 275, "precision": 0.2358974358974359, "recall": 0.33454545454545453, "f1": 0.27669172932330827}, "coref": {"true_positives": 1, "false_positives": 38, "false_negatives": 142, "ground_truth": 143, "precision": 0.02564102564102564, "recall": 0.006993006993006993,