{"IGNORED": {"mention_types": {"all": {"true_positives": 332, "false_positives": 976, "false_negatives": 752, "ground_truth": 1084, "precision": 0.25382262996941896, "recall": 0.3062730627306273, "f1": 0.2775919732441472}, "entity": {"true_positives": 330, "false_positives": 852, "false_negatives": 492, "ground_truth": 822, "precision": 0.27918781725888325, "recall": 0.40145985401459855, "f1": 0.3293413173652695}, "coref": {"true_positives": 2, "false_positives": 124, "false_negatives": 260, "ground_truth": 262, "precision": 0.015873015873015872, "recall": 0.007633587786259542, "f1": 0.010309278350515464}, "entity_named": {"true_positives": 282, "false_positives": 212, "false_negatives": 330, "ground_truth": 612, "precision": 0.5708502024291497, "recall": 0.46078431372549017, "f1": 0.5099457504520796}, "entity_non_named": {"true_positives": 46, "false_positives": 629, "false_negatives": 157, "ground_truth": 203, "precision": 0.06814814814814815, "recall": 0.22660098522167488, "f1": 0.10478359908883828}, "entity_unknown": {"true_positives": 2, "false_positives": 11, "false_negatives": 5, "ground_truth": 7, "precision": 0.15384615384615385, "recall": 0.2857142857142857, "f1": 0.2}, "coref_nominal": {"true_positives": 2, "false_positives": 124, "false_negatives": 52, "ground_truth": 54, "precision": 0.015873015873015872, "recall": 0.037037037037037035, "f1": 0.02222222222222222}, "coref_pronominal": {"true_positives": 0, "false_positives": 0, "false_negatives": 208, "ground_truth": 208, "precision": 0, "recall": 0.0, "f1": 0}}, "error_categories": {"ner": {"true_positives": 385, "false_positives": 786, "false_negatives": 437, "ground_truth": 822, "precision": 0.3287788215200683, "recall": 0.4683698296836983, "f1": 0.386352232814852}, "ner_fn": {"all": {"errors": 430, "total": 802}, "lowercased": {"errors": 145, "total": 203}, "partially_included": {"errors": 34, "total": 246}, "partial_overlap": {"errors": 26, "total": 599}, "other": {"errors": 225, "total": 599}}, "ner_fp": {"all": {"errors": 785, "total": 57866}, "lowercased": {"errors": 612, "total": 47432}, "groundtruth_unknown": {"errors": 4, "total": 118}, "other": {"errors": 169, "total": 10434}, "wrong_span": {"errors": 44, "total": 1161}}, "wrong_disambiguation": {"all": {"errors": 50, "total": 372}, "demonym": {"errors": 2, "total": 13}, "metonymy": {"errors": 0, "total": 13}, "partial_name": {"errors": 16, "total": 84}, "rare": {"errors": 16, "total": 30}, "other": {"errors": 16, "total": 232}, "wrong_candidates": null, "multiple_candidates": null}, "other_errors": {"hyperlink": {"errors": 0, "total": 0}}, "wrong_coreference": {"undetected": {"errors": 241, "total": 262}, "wrong_mention_referenced": {"errors": 8, "total": 21}, "reference_wrongly_disambiguated": {"errors": 0, "total": 13}, "false_detection": 0}}, "entity_types": {"OTHER": {"true_positives": 16, "false_positives": 538, "false_negatives": 37, "ground_truth": 53, "precision": 0.02888086642599278, "recall": 0.3018867924528302, "f1": 0.05271828665568369}, "Q215627": {"true_positives": 100, "false_positives": 41, "false_negatives": 98, "ground_truth": 198, "precision": 0.7092198581560284, "recall": 0.5050505050505051, "f1": 0.5899705014749262}, "Q27096213": {"true_positives": 79, "false_positives": 41, "false_negatives": 76, "ground_truth": 155, "precision": 0.6583333333333333, "recall": 0.5096774193548387, "f1": 0.5745454545454545}, "Q43229": {"true_positives": 144, "false_positives": 90, "false_negatives": 127, "ground_truth": 271, "precision": 0.6153846153846154, "recall": 0.5313653136531366, "f1": 0.5702970297029704}, "Q17537576": {"true_positives": 19, "false_positives": 45, "false_negatives": 27, "ground_truth": 46, "precision": 0.296875, "recall": 0.41304347826086957, "f1": 0.3454545454545454}, "Q2424752": {"true_positives": 58, "false_positives": 81, "false_negatives": 85, "ground_truth": 143, "precision": 0.4172661870503597, "recall": 0.40559440559440557, "f1": 0.41134751773049644}, "Q1656682": {"true_positives": 5, "false_positives": 19, "false_negatives": 19, "ground_truth": 24, "precision": 0.20833333333333334, "recall": 0.20833333333333334, "f1": 0.20833333333333334}, "Q431289": {"true_positives": 2, "false_positives": 1, "false_negatives": 1, "ground_truth": 3, "precision": 0.6666666666666666, "recall": 0.6666666666666666, "f1": 0.6666666666666666}, "Q483394": {"true_positives": 4, "false_positives": 36, "false_negatives": 20, "ground_truth": 24, "precision": 0.1, "recall": 0.16666666666666666, "f1": 0.125}, "Q17376908": {"true_positives": 0, "false_positives": 8, "false_negatives": 0, "ground_truth": 0, "precision": 0.0, "recall": 0, "f1": 0}, "Q43460564": {"true_positives": 2, "false_positives": 2, "false_negatives": 3, "ground_truth": 5, "precision": 0.5, "recall": 0.4, "f1": 0.4444444444444445}, "Q16521": {"true_positives": 0, "false_positives": 8, "false_negatives": 2, "ground_truth": 2, "precision": 0.0, "recall": 0.0, "f1": 0}, "Q9174": {"true_positives": 0, "false_positives": 0, "false_negatives": 0, "ground_truth": 0, "precision": 0, "recall": 0, "f1": 0}, "Q7257": {"true_positives": 0, "false_positives": 5, "false_negatives": 0, "ground_truth": 0, "precision": 0.0, "recall": 0, "f1": 0}, "Q4164871": {"true_positives": 25, "false_positives": 27, "false_negatives": 101, "ground_truth": 126, "precision": 0.4807692307692308, "recall": 0.1984126984126984, "f1": 0.28089887640449435}, "Q12737077": {"true_positives": 18, "false_positives": 22, "false_negatives": 79, "ground_truth": 97, "precision": 0.45, "recall": 0.18556701030927836, "f1": 0.2627737226277373}, "Q11862829": {"true_positives": 2, "false_positives": 22, "false_negatives": 5, "ground_truth": 7, "precision": 0.08333333333333333, "recall": 0.2857142857142857, "f1": 0.12903225806451613}, "Q21070598": {"true_positives": 0, "false_positives": 2, "false_negatives": 0, "ground_truth": 0, "precision": 0.0, "recall": 0, "f1": 0}, "Q618779": {"true_positives": 0, "false_positives": 5, "false_negatives": 3, "ground_truth": 3, "precision": 0.0, "recall": 0.0, "f1": 0}, "Q12136": {"true_positives": 0, "false_positives": 0, "false_negatives": 3, "ground_truth": 3, "precision": 0, "recall": 0.0, "f1": 0}, "Q4392985": {"true_positives": 0, "false_positives": 0, "false_negatives": 1, "ground_truth": 1, "precision": 0, "recall": 0.0, "f1": 0}, "Q373899": {"true_positives": 0, "false_positives": 0, "false_negatives": 0, "ground_truth": 0, "precision": 0, "recall": 0, "f1": 0}, "Q22222786": {"true_positives": 0, "false_positives": 0, "false_negatives": 0, "ground_truth": 0, "precision": 0, "recall": 0, "f1": 0}, "Q33829": {"true_positives": 2, "false_positives": 0, "false_negatives": 8, "ground_truth": 10, "precision": 1.0, "recall": 0.2, "f1": 0.33333333333333337}, "Q1075": {"true_positives": 1, "false_positives": 1, "false_negatives": 7, "ground_truth": 8, "precision": 0.5, "recall": 0.125, "f1": 0.2}, "Q179661": {"true_positives": 0, "false_positives": 0, "false_negatives": 0, "ground_truth": 0, "precision": 0, "recall": 0, "f1": 0}, "Q169872": {"true_positives": 2, "false_positives": 2, "false_negatives": 4, "ground_truth": 6, "precision": 0.5, "recall": 0.3333333333333333, "f1": 0.4}, "Q4936952": {"true_positives": 0, "false_positives": 0, "false_negatives": 5, "ground_truth": 5, "precision": 0, "recall": 0.0, "f1": 0}, "Q349": {"true_positives": 0, "false_positives": 1, "false_negatives": 2, "ground_truth": 2, "precision": 0.0, "recall": 0.0, "f1": 0}, "Q729": {"true_positives": 0, "false_positives": 0, "false_negatives": 0, "ground_truth": 0, "precision": 0, "recall": 0, "f1": 0}}}, "REQUIRED": {"mention_types": {"all": {"true_positives": 331, "false_positives": 982, "false_negatives": 997, "ground_truth": 1328, "precision": 0.2520944402132521, "recall": 0.24924698795180722, "f1": 0.25066262779250287}, "entity": {"true_positives": 329, "false_positives": 858, "false_negatives": 625, "ground_truth": 954, "precision": 0.2771693344566133,