{"IGNORED": {"mention_types": {"all": {"true_positives": 695, "false_positives": 1688, "false_negatives": 1313, "ground_truth": 2008, "precision": 0.29164918170373477, "recall": 0.3461155378486056, "f1": 0.3165565930312002}, "entity": {"true_positives": 692, "false_positives": 1387, "false_negatives": 888, "ground_truth": 1580, "precision": 0.33285233285233284, "recall": 0.4379746835443038, "f1": 0.3782454222465155}, "coref": {"true_positives": 3, "false_positives": 301, "false_negatives": 425, "ground_truth": 428, "precision": 0.009868421052631578, "recall": 0.007009345794392523, "f1": 0.00819672131147541}, "entity_named": {"true_positives": 622, "false_positives": 575, "false_negatives": 668, "ground_truth": 1290, "precision": 0.5196324143692564, "recall": 0.4821705426356589, "f1": 0.5002010454362685}, "entity_non_named": {"true_positives": 67, "false_positives": 794, "false_negatives": 218, "ground_truth": 285, "precision": 0.07781649245063879, "recall": 0.23508771929824562, "f1": 0.11692844677137872}, "entity_unknown": {"true_positives": 3, "false_positives": 18, "false_negatives": 2, "ground_truth": 5, "precision": 0.14285714285714285, "recall": 0.6, "f1": 0.23076923076923073}, "coref_nominal": {"true_positives": 3, "false_positives": 301, "false_negatives": 112, "ground_truth": 115, "precision": 0.009868421052631578, "recall": 0.02608695652173913, "f1": 0.01431980906921241}, "coref_pronominal": {"true_positives": 0, "false_positives": 0, "false_negatives": 313, "ground_truth": 313, "precision": 0, "recall": 0.0, "f1": 0}}, "error_categories": {"ner": {"true_positives": 845, "false_positives": 1217, "false_negatives": 735, "ground_truth": 1580, "precision": 0.40979631425800195, "recall": 0.5348101265822784, "f1": 0.46403075233388247}, "ner_fn": {"all": {"errors": 710, "total": 1500}, "lowercased": {"errors": 192, "total": 306}, "partially_included": {"errors": 98, "total": 548}, "partial_overlap": {"errors": 122, "total": 1194}, "other": {"errors": 298, "total": 1194}}, "ner_fp": {"all": {"errors": 1216, "total": 39791}, "lowercased": {"errors": 757, "total": 31011}, "groundtruth_unknown": {"errors": 16, "total": 201}, "other": {"errors": 443, "total": 8780}, "wrong_span": {"errors": 127, "total": 2017}}, "wrong_disambiguation": {"all": {"errors": 143, "total": 790}, "demonym": {"errors": 3, "total": 35}, "metonymy": {"errors": 0, "total": 6}, "partial_name": {"errors": 62, "total": 125}, "rare": {"errors": 32, "total": 64}, "other": {"errors": 46, "total": 560}, "wrong_candidates": null, "multiple_candidates": null}, "other_errors": {"hyperlink": {"errors": 262, "total": 594}}, "wrong_coreference": {"undetected": {"errors": 368, "total": 428}, "wrong_mention_referenced": {"errors": 49, "total": 60}, "reference_wrongly_disambiguated": {"errors": 0, "total": 11}, "false_detection": 0}}, "entity_types": {"OTHER": {"true_positives": 19, "false_positives": 704, "false_negatives": 51, "ground_truth": 70, "precision": 0.02627939142461964, "recall": 0.2714285714285714, "f1": 0.04791929382093316}, "Q215627": {"true_positives": 159, "false_positives": 109, "false_negatives": 199, "ground_truth": 358, "precision": 0.5932835820895522, "recall": 0.4441340782122905, "f1": 0.5079872204472843}, "Q27096213": {"true_positives": 281, "false_positives": 159, "false_negatives": 207, "ground_truth": 488, "precision": 0.6386363636363637, "recall": 0.5758196721311475, "f1": 0.605603448275862}, "Q43229": {"true_positives": 262, "false_positives": 169, "false_negatives": 224, "ground_truth": 486, "precision": 0.6078886310904872, "recall": 0.5390946502057613, "f1": 0.5714285714285713}, "Q17537576": {"true_positives": 56, "false_positives": 76, "false_negatives": 71, "ground_truth": 127, "precision": 0.42424242424242425, "recall": 0.4409448818897638, "f1": 0.43243243243243246}, "Q2424752": {"true_positives": 52, "false_positives": 105, "false_negatives": 93, "ground_truth": 145, "precision": 0.33121019108280253, "recall": 0.3586206896551724, "f1": 0.3443708609271523}, "Q1656682": {"true_positives": 23, "false_positives": 51, "false_negatives": 58, "ground_truth": 81, "precision": 0.3108108108108108, "recall": 0.2839506172839506, "f1": 0.2967741935483871}, "Q431289": {"true_positives": 8, "false_positives": 2, "false_negatives": 4, "ground_truth": 12, "precision": 0.8, "recall": 0.6666666666666666, "f1": 0.7272727272727272}, "Q483394": {"true_positives": 12, "false_positives": 47, "false_negatives": 32, "ground_truth": 44, "precision": 0.2033898305084746, "recall": 0.2727272727272727, "f1": 0.23300970873786409}, "Q17376908": {"true_positives": 4, "false_positives": 10, "false_negatives": 0, "ground_truth": 4, "precision": 0.2857142857142857, "recall": 1.0, "f1": 0.4444444444444445}, "Q43460564": {"true_positives": 2, "false_positives": 7, "false_negatives": 6, "ground_truth": 8, "precision": 0.2222222222222222, "recall": 0.25, "f1": 0.23529411764705882}, "Q16521": {"true_positives": 35, "false_positives": 30, "false_negatives": 23, "ground_truth": 58, "precision": 0.5384615384615384, "recall": 0.603448275862069, "f1": 0.5691056910569107}, "Q9174": {"true_positives": 0, "false_positives": 0, "false_negatives": 0, "ground_truth": 0, "precision": 0, "recall": 0, "f1": 0}, "Q7257": {"true_positives": 1, "false_positives": 7, "false_negatives": 0, "ground_truth": 1, "precision": 0.125, "recall": 1.0, "f1": 0.2222222222222222}, "Q4164871": {"true_positives": 50, "false_positives": 40, "false_negatives": 130, "ground_truth": 180, "precision": 0.5555555555555556, "recall": 0.2777777777777778, "f1": 0.3703703703703704}, "Q12737077": {"true_positives": 20, "false_positives": 24, "false_negatives": 107, "ground_truth": 127, "precision": 0.45454545454545453, "recall": 0.15748031496062992, "f1": 0.23391812865497075}, "Q11862829": {"true_positives": 6, "false_positives": 29, "false_negatives": 2, "ground_truth": 8, "precision": 0.17142857142857143, "recall": 0.75, "f1": 0.2790697674418604}, "Q21070598": {"true_positives": 0, "false_positives": 1, "false_negatives": 0, "ground_truth": 0, "precision": 0.0, "recall": 0, "f1": 0}, "Q618779": {"true_positives": 5, "false_positives": 9, "false_negatives": 9, "ground_truth": 14, "precision": 0.35714285714285715, "recall": 0.35714285714285715, "f1": 0.35714285714285715}, "Q12136": {"true_positives": 0, "false_positives": 0, "false_negatives": 1, "ground_truth": 1, "precision": 0, "recall": 0.0, "f1": 0}, "Q4392985": {"true_positives": 0, "false_positives": 0, "false_negatives": 0, "ground_truth": 0, "precision": 0, "recall": 0, "f1": 0}, "Q373899": {"true_positives": 1, "false_positives": 1, "false_negatives": 2, "ground_truth": 3, "precision": 0.5, "recall": 0.3333333333333333, "f1": 0.4}, "Q22222786": {"true_positives": 0, "false_positives": 1, "false_negatives": 1, "ground_truth": 1, "precision": 0.0, "recall": 0.0, "f1": 0}, "Q33829": {"true_positives": 2, "false_positives": 4, "false_negatives": 8, "ground_truth": 10, "precision": 0.3333333333333333, "recall": 0.2, "f1": 0.25}, "Q1075": {"true_positives": 1, "false_positives": 0, "false_negatives": 17, "ground_truth": 18, "precision": 1.0, "recall": 0.05555555555555555, "f1": 0.10526315789473684}, "Q179661": {"true_positives": 0, "false_positives": 0, "false_negatives": 0, "ground_truth": 0, "precision": 0, "recall": 0, "f1": 0}, "Q169872": {"true_positives": 0, "false_positives": 1, "false_negatives": 0, "ground_truth": 0, "precision": 0.0, "recall": 0, "f1": 0}, "Q4936952": {"true_positives": 1, "false_positives": 4, "false_negatives": 1, "ground_truth": 2, "precision": 0.2, "recall": 0.5, "f1": 0.28571428571428575}, "Q349": {"true_positives": 2, "false_positives": 7, "false_negatives": 10, "ground_truth": 12, "precision": 0.2222222222222222, "recall": 0.16666666666666666, "f1": 0.1904761904761905}, "Q729": {"true_positives": 0, "false_positives": 0, "false_negatives": 1, "ground_truth": 1, "precision": 0, "recall": 0.0, "f1": 0}}},