{"IGNORED": {"mention_types": {"all": {"true_positives": 394, "false_positives": 939, "false_negatives": 769, "ground_truth": 1163, "precision": 0.2955738934733683, "recall": 0.33877901977644026, "f1": 0.3157051282051282}, "entity": {"true_positives": 393, "false_positives": 768, "false_negatives": 516, "ground_truth": 909, "precision": 0.3385012919896641, "recall": 0.43234323432343236, "f1": 0.37971014492753624}, "coref": {"true_positives": 1, "false_positives": 171, "false_negatives": 253, "ground_truth": 254, "precision": 0.005813953488372093, "recall": 0.003937007874015748, "f1": 0.004694835680751174}, "entity_named": {"true_positives": 359, "false_positives": 345, "false_negatives": 410, "ground_truth": 769, "precision": 0.5099431818181818, "recall": 0.4668400520156047, "f1": 0.48744059742023077}, "entity_non_named": {"true_positives": 31, "false_positives": 415, "false_negatives": 105, "ground_truth": 136, "precision": 0.06950672645739911, "recall": 0.22794117647058823, "f1": 0.10652920962199314}, "entity_unknown": {"true_positives": 3, "false_positives": 8, "false_negatives": 1, "ground_truth": 4, "precision": 0.2727272727272727, "recall": 0.75, "f1": 0.39999999999999997}, "coref_nominal": {"true_positives": 1, "false_positives": 171, "false_negatives": 70, "ground_truth": 71, "precision": 0.005813953488372093, "recall": 0.014084507042253521, "f1": 0.00823045267489712}, "coref_pronominal": {"true_positives": 0, "false_positives": 0, "false_negatives": 183, "ground_truth": 183, "precision": 0, "recall": 0.0, "f1": 0}}, "error_categories": {"ner": {"true_positives": 466, "false_positives": 689, "false_negatives": 443, "ground_truth": 909, "precision": 0.40346320346320347, "recall": 0.5126512651265126, "f1": 0.45155038759689925}, "ner_fn": {"all": {"errors": 423, "total": 856}, "lowercased": {"errors": 104, "total": 151}, "partially_included": {"errors": 60, "total": 338}, "partial_overlap": {"errors": 69, "total": 705}, "other": {"errors": 190, "total": 705}}, "ner_fp": {"all": {"errors": 689, "total": 22799}, "lowercased": {"errors": 415, "total": 17306}, "groundtruth_unknown": {"errors": 7, "total": 103}, "other": {"errors": 267, "total": 5493}, "wrong_span": {"errors": 77, "total": 1133}}, "wrong_disambiguation": {"all": {"errors": 66, "total": 433}, "demonym": {"errors": 2, "total": 24}, "metonymy": {"errors": 0, "total": 2}, "partial_name": {"errors": 34, "total": 69}, "rare": {"errors": 13, "total": 31}, "other": {"errors": 17, "total": 307}, "wrong_candidates": null, "multiple_candidates": null}, "other_errors": {"hyperlink": {"errors": 167, "total": 368}}, "wrong_coreference": {"undetected": {"errors": 218, "total": 254}, "wrong_mention_referenced": {"errors": 28, "total": 36}, "reference_wrongly_disambiguated": {"errors": 0, "total": 8}, "false_detection": 0}}, "entity_types": {"OTHER": {"true_positives": 8, "false_positives": 365, "false_negatives": 14, "ground_truth": 22, "precision": 0.021447721179624665, "recall": 0.36363636363636365, "f1": 0.04050632911392405}, "Q215627": {"true_positives": 92, "false_positives": 72, "false_negatives": 125, "ground_truth": 217, "precision": 0.5609756097560976, "recall": 0.423963133640553, "f1": 0.4829396325459318}, "Q27096213": {"true_positives": 175, "false_positives": 96, "false_negatives": 141, "ground_truth": 316, "precision": 0.6457564575645757, "recall": 0.5537974683544303, "f1": 0.5962521294718909}, "Q43229": {"true_positives": 162, "false_positives": 103, "false_negatives": 144, "ground_truth": 306, "precision": 0.6113207547169811, "recall": 0.5294117647058824, "f1": 0.5674255691768827}, "Q17537576": {"true_positives": 34, "false_positives": 37, "false_negatives": 45, "ground_truth": 79, "precision": 0.4788732394366197, "recall": 0.43037974683544306, "f1": 0.45333333333333337}, "Q2424752": {"true_positives": 27, "false_positives": 65, "false_negatives": 57, "ground_truth": 84, "precision": 0.29347826086956524, "recall": 0.32142857142857145, "f1": 0.3068181818181819}, "Q1656682": {"true_positives": 8, "false_positives": 25, "false_negatives": 23, "ground_truth": 31, "precision": 0.24242424242424243, "recall": 0.25806451612903225, "f1": 0.25}, "Q431289": {"true_positives": 5, "false_positives": 2, "false_negatives": 4, "ground_truth": 9, "precision": 0.7142857142857143, "recall": 0.5555555555555556, "f1": 0.6250000000000001}, "Q483394": {"true_positives": 6, "false_positives": 31, "false_negatives": 14, "ground_truth": 20, "precision": 0.16216216216216217, "recall": 0.3, "f1": 0.2105263157894737}, "Q17376908": {"true_positives": 4, "false_positives": 8, "false_negatives": 0, "ground_truth": 4, "precision": 0.3333333333333333, "recall": 1.0, "f1": 0.5}, "Q43460564": {"true_positives": 0, "false_positives": 2, "false_negatives": 1, "ground_truth": 1, "precision": 0.0, "recall": 0.0, "f1": 0}, "Q16521": {"true_positives": 20, "false_positives": 24, "false_negatives": 20, "ground_truth": 40, "precision": 0.45454545454545453, "recall": 0.5, "f1": 0.47619047619047616}, "Q9174": {"true_positives": 0, "false_positives": 0, "false_negatives": 0, "ground_truth": 0, "precision": 0, "recall": 0, "f1": 0}, "Q7257": {"true_positives": 0, "false_positives": 1, "false_negatives": 0, "ground_truth": 0, "precision": 0.0, "recall": 0, "f1": 0}, "Q4164871": {"true_positives": 25, "false_positives": 22, "false_negatives": 63, "ground_truth": 88, "precision": 0.5319148936170213, "recall": 0.2840909090909091, "f1": 0.37037037037037035}, "Q12737077": {"true_positives": 6, "false_positives": 14, "false_negatives": 47, "ground_truth": 53, "precision": 0.3, "recall": 0.11320754716981132, "f1": 0.1643835616438356}, "Q11862829": {"true_positives": 1, "false_positives": 12, "false_negatives": 0, "ground_truth": 1, "precision": 0.07692307692307693, "recall": 1.0, "f1": 0.14285714285714288}, "Q21070598": {"true_positives": 0, "false_positives": 0, "false_negatives": 0, "ground_truth": 0, "precision": 0, "recall": 0, "f1": 0}, "Q618779": {"true_positives": 0, "false_positives": 8, "false_negatives": 4, "ground_truth": 4, "precision": 0.0, "recall": 0.0, "f1": 0}, "Q12136": {"true_positives": 0, "false_positives": 0, "false_negatives": 1, "ground_truth": 1, "precision": 0, "recall": 0.0, "f1": 0}, "Q4392985": {"true_positives": 0, "false_positives": 0, "false_negatives": 0, "ground_truth": 0, "precision": 0, "recall": 0, "f1": 0}, "Q373899": {"true_positives": 1, "false_positives": 1, "false_negatives": 2, "ground_truth": 3, "precision": 0.5, "recall": 0.3333333333333333, "f1": 0.4}, "Q22222786": {"true_positives": 0, "false_positives": 1, "false_negatives": 1, "ground_truth": 1, "precision": 0.0, "recall": 0.0, "f1": 0}, "Q33829": {"true_positives": 0, "false_positives": 3, "false_negatives": 6, "ground_truth": 6, "precision": 0.0, "recall": 0.0, "f1": 0}, "Q1075": {"true_positives": 1, "false_positives": 0, "false_negatives": 9, "ground_truth": 10, "precision": 1.0, "recall": 0.1, "f1": 0.18181818181818182}, "Q179661": {"true_positives": 0, "false_positives": 0, "false_negatives": 0, "ground_truth": 0, "precision": 0, "recall": 0, "f1": 0}, "Q169872": {"true_positives": 0, "false_positives": 0, "false_negatives": 0, "ground_truth": 0, "precision": 0, "recall": 0, "f1": 0}, "Q4936952": {"true_positives": 1, "false_positives": 4, "false_negatives": 1, "ground_truth": 2, "precision": 0.2, "recall": 0.5, "f1": 0.28571428571428575}, "Q349": {"true_positives": 2, "false_positives": 4, "false_negatives": 5, "ground_truth": 7, "precision": 0.3333333333333333, "recall": 0.2857142857142857, "f1": 0.30769230769230765}, "Q729": {"true_positives": 0, "false_positives": 0, "false_negatives": 1, "ground_truth": 1, "precision": 0, "recall": 0.0, "f1": 0}}}, "REQUIRED": {"mention_types": {"all": {"true_positives": 394, "false_positives": 951, "false_negatives": 912, "ground_truth": 1306, "precision": 0.2929368029739777, "recall": 0.3016845329249617, "f1": 0.29724632214258767}, "entity": {"true_positives": 393, "false_positives": 778,