{"IGNORED": {"mention_types": {"all": {"true_positives": 433, "false_positives": 501, "false_negatives": 732, "ground_truth": 1165, "precision": 0.46359743040685225, "recall": 0.37167381974248925, "f1": 0.41257741781800855}, "entity": {"true_positives": 431, "false_positives": 498, "false_negatives": 480, "ground_truth": 911, "precision": 0.4639397201291712, "recall": 0.47310647639956094, "f1": 0.46847826086956523}, "coref": {"true_positives": 2, "false_positives": 3, "false_negatives": 252, "ground_truth": 254, "precision": 0.4, "recall": 0.007874015748031496, "f1": 0.015444015444015443}, "entity_named": {"true_positives": 397, "false_positives": 323, "false_negatives": 372, "ground_truth": 769, "precision": 0.5513888888888889, "recall": 0.5162548764629389, "f1": 0.5332437877770315}, "entity_non_named": {"true_positives": 32, "false_positives": 154, "false_negatives": 104, "ground_truth": 136, "precision": 0.17204301075268819, "recall": 0.23529411764705882, "f1": 0.19875776397515527}, "entity_unknown": {"true_positives": 2, "false_positives": 21, "false_negatives": 4, "ground_truth": 6, "precision": 0.08695652173913043, "recall": 0.3333333333333333, "f1": 0.13793103448275862}, "coref_nominal": {"true_positives": 2, "false_positives": 3, "false_negatives": 69, "ground_truth": 71, "precision": 0.4, "recall": 0.028169014084507043, "f1": 0.05263157894736842}, "coref_pronominal": {"true_positives": 0, "false_positives": 0, "false_negatives": 183, "ground_truth": 183, "precision": 0, "recall": 0.0, "f1": 0}}, "error_categories": {"ner": {"true_positives": 573, "false_positives": 347, "false_negatives": 338, "ground_truth": 911, "precision": 0.6228260869565218, "recall": 0.6289791437980241, "f1": 0.6258874931731295}, "ner_fn": {"all": {"errors": 318, "total": 850}, "lowercased": {"errors": 98, "total": 154}, "partially_included": {"errors": 73, "total": 331}, "partial_overlap": {"errors": 5, "total": 696}, "other": {"errors": 142, "total": 696}}, "ner_fp": {"all": {"errors": 346, "total": 8309}, "lowercased": {"errors": 132, "total": 6323}, "groundtruth_unknown": {"errors": 20, "total": 101}, "other": {"errors": 194, "total": 1986}, "wrong_span": {"errors": 30, "total": 878}}, "wrong_disambiguation": {"all": {"errors": 133, "total": 532}, "demonym": {"errors": 9, "total": 18}, "metonymy": {"errors": 1, "total": 2}, "partial_name": {"errors": 28, "total": 62}, "rare": {"errors": 27, "total": 30}, "other": {"errors": 68, "total": 420}, "wrong_candidates": null, "multiple_candidates": null}, "other_errors": {"hyperlink": {"errors": 162, "total": 390}}, "wrong_coreference": {"undetected": {"errors": 252, "total": 254}, "wrong_mention_referenced": {"errors": 0, "total": 2}, "reference_wrongly_disambiguated": {"errors": 0, "total": 2}, "false_detection": 0}}, "entity_types": {"OTHER": {"true_positives": 8, "false_positives": 163, "false_negatives": 16, "ground_truth": 24, "precision": 0.04678362573099415, "recall": 0.3333333333333333, "f1": 0.08205128205128205}, "Q215627": {"true_positives": 100, "false_positives": 69, "false_negatives": 117, "ground_truth": 217, "precision": 0.591715976331361, "recall": 0.4608294930875576, "f1": 0.5181347150259067}, "Q27096213": {"true_positives": 175, "false_positives": 109, "false_negatives": 141, "ground_truth": 316, "precision": 0.6161971830985915, "recall": 0.5537974683544303, "f1": 0.5833333333333334}, "Q43229": {"true_positives": 163, "false_positives": 108, "false_negatives": 143, "ground_truth": 306, "precision": 0.6014760147601476, "recall": 0.5326797385620915, "f1": 0.5649913344887348}, "Q17537576": {"true_positives": 40, "false_positives": 37, "false_negatives": 39, "ground_truth": 79, "precision": 0.5194805194805194, "recall": 0.5063291139240507, "f1": 0.5128205128205129}, "Q2424752": {"true_positives": 43, "false_positives": 23, "false_negatives": 41, "ground_truth": 84, "precision": 0.6515151515151515, "recall": 0.5119047619047619, "f1": 0.5733333333333334}, "Q1656682": {"true_positives": 16, "false_positives": 23, "false_negatives": 15, "ground_truth": 31, "precision": 0.41025641025641024, "recall": 0.5161290322580645, "f1": 0.4571428571428572}, "Q431289": {"true_positives": 8, "false_positives": 1, "false_negatives": 1, "ground_truth": 9, "precision": 0.8888888888888888, "recall": 0.8888888888888888, "f1": 0.8888888888888888}, "Q483394": {"true_positives": 6, "false_positives": 17, "false_negatives": 14, "ground_truth": 20, "precision": 0.2608695652173913, "recall": 0.3, "f1": 0.27906976744186046}, "Q17376908": {"true_positives": 4, "false_positives": 6, "false_negatives": 0, "ground_truth": 4, "precision": 0.4, "recall": 1.0, "f1": 0.5714285714285715}, "Q43460564": {"true_positives": 0, "false_positives": 0, "false_negatives": 1, "ground_truth": 1, "precision": 0, "recall": 0.0, "f1": 0}, "Q16521": {"true_positives": 30, "false_positives": 21, "false_negatives": 10, "ground_truth": 40, "precision": 0.5882352941176471, "recall": 0.75, "f1": 0.6593406593406592}, "Q9174": {"true_positives": 0, "false_positives": 0, "false_negatives": 0, "ground_truth": 0, "precision": 0, "recall": 0, "f1": 0}, "Q7257": {"true_positives": 0, "false_positives": 0, "false_negatives": 0, "ground_truth": 0, "precision": 0, "recall": 0, "f1": 0}, "Q4164871": {"true_positives": 18, "false_positives": 8, "false_negatives": 70, "ground_truth": 88, "precision": 0.6923076923076923, "recall": 0.20454545454545456, "f1": 0.3157894736842105}, "Q12737077": {"true_positives": 3, "false_positives": 6, "false_negatives": 50, "ground_truth": 53, "precision": 0.3333333333333333, "recall": 0.05660377358490566, "f1": 0.0967741935483871}, "Q11862829": {"true_positives": 1, "false_positives": 2, "false_negatives": 0, "ground_truth": 1, "precision": 0.3333333333333333, "recall": 1.0, "f1": 0.5}, "Q21070598": {"true_positives": 0, "false_positives": 6, "false_negatives": 0, "ground_truth": 0, "precision": 0.0, "recall": 0, "f1": 0}, "Q618779": {"true_positives": 2, "false_positives": 1, "false_negatives": 2, "ground_truth": 4, "precision": 0.6666666666666666, "recall": 0.5, "f1": 0.5714285714285715}, "Q12136": {"true_positives": 1, "false_positives": 1, "false_negatives": 0, "ground_truth": 1, "precision": 0.5, "recall": 1.0, "f1": 0.6666666666666666}, "Q4392985": {"true_positives": 0, "false_positives": 0, "false_negatives": 0, "ground_truth": 0, "precision": 0, "recall": 0, "f1": 0}, "Q373899": {"true_positives": 1, "false_positives": 4, "false_negatives": 2, "ground_truth": 3, "precision": 0.2, "recall": 0.3333333333333333, "f1": 0.25}, "Q22222786": {"true_positives": 1, "false_positives": 0, "false_negatives": 0, "ground_truth": 1, "precision": 1.0, "recall": 1.0, "f1": 1.0}, "Q33829": {"true_positives": 1, "false_positives": 1, "false_negatives": 5, "ground_truth": 6, "precision": 0.5, "recall": 0.16666666666666666, "f1": 0.25}, "Q1075": {"true_positives": 0, "false_positives": 3, "false_negatives": 10, "ground_truth": 10, "precision": 0.0, "recall": 0.0, "f1": 0}, "Q179661": {"true_positives": 0, "false_positives": 0, "false_negatives": 0, "ground_truth": 0, "precision": 0, "recall": 0, "f1": 0}, "Q169872": {"true_positives": 0, "false_positives": 0, "false_negatives": 0, "ground_truth": 0, "precision": 0, "recall": 0, "f1": 0}, "Q4936952": {"true_positives": 2, "false_positives": 0, "false_negatives": 0, "ground_truth": 2, "precision": 1.0, "recall": 1.0, "f1": 1.0}, "Q349": {"true_positives": 1, "false_positives": 6, "false_negatives": 6, "ground_truth": 7, "precision": 0.14285714285714285, "recall": 0.14285714285714285, "f1": 0.14285714285714285}, "Q729": {"true_positives": 0, "false_positives": 0, "false_negatives": 1, "ground_truth": 1, "precision": 0, "recall": 0.0, "f1": 0}}}, "REQUIRED": {"mention_types": {"all": {"true_positives": 433, "false_positives": 501, "false_negatives": 873, "ground_truth": 1306, "precision": 0.46359743040685225, "recall": 0.3315467075038285, "f1": 0.3866071428571428}, "entity": {"true_positives": 431,