{"IGNORED": {"mention_types": {"all": {"true_positives": 515, "false_positives": 248, "false_negatives": 292, "ground_truth": 807, "precision": 0.6749672346002621, "recall": 0.6381660470879802, "f1": 0.6560509554140128}, "entity": {"true_positives": 430, "false_positives": 180, "false_negatives": 206, "ground_truth": 636, "precision": 0.7049180327868853, "recall": 0.6761006289308176, "f1": 0.6902086677367576}, "coref": {"true_positives": 85, "false_positives": 68, "false_negatives": 86, "ground_truth": 171, "precision": 0.5555555555555556, "recall": 0.49707602339181284, "f1": 0.5246913580246914}, "entity_named": {"true_positives": 375, "false_positives": 93, "false_negatives": 128, "ground_truth": 503, "precision": 0.8012820512820513, "recall": 0.7455268389662028, "f1": 0.7723995880535529}, "entity_non_named": {"true_positives": 51, "false_positives": 79, "false_negatives": 77, "ground_truth": 128, "precision": 0.3923076923076923, "recall": 0.3984375, "f1": 0.3953488372093023}, "entity_unknown": {"true_positives": 4, "false_positives": 8, "false_negatives": 1, "ground_truth": 5, "precision": 0.3333333333333333, "recall": 0.8, "f1": 0.47058823529411764}, "coref_nominal": {"true_positives": 10, "false_positives": 25, "false_negatives": 34, "ground_truth": 44, "precision": 0.2857142857142857, "recall": 0.22727272727272727, "f1": 0.2531645569620253}, "coref_pronominal": {"true_positives": 75, "false_positives": 43, "false_negatives": 52, "ground_truth": 127, "precision": 0.635593220338983, "recall": 0.5905511811023622, "f1": 0.6122448979591837}}, "error_categories": {"ner": {"true_positives": 479, "false_positives": 128, "false_negatives": 157, "ground_truth": 636, "precision": 0.7891268533772653, "recall": 0.7531446540880503, "f1": 0.7707160096540628}, "ner_fn": {"all": {"errors": 153, "total": 594}, "lowercased": {"errors": 58, "total": 121}, "partially_included": {"errors": 18, "total": 204}, "partial_overlap": {"errors": 5, "total": 473}, "other": {"errors": 72, "total": 473}}, "ner_fp": {"all": {"errors": 127, "total": 6593}, "lowercased": {"errors": 63, "total": 5097}, "groundtruth_unknown": {"errors": 7, "total": 103}, "other": {"errors": 57, "total": 1496}, "wrong_span": {"errors": 7, "total": 570}}, "wrong_disambiguation": {"all": {"errors": 38, "total": 441}, "demonym": {"errors": 5, "total": 20}, "metonymy": {"errors": 1, "total": 5}, "partial_name": {"errors": 12, "total": 60}, "rare": {"errors": 14, "total": 35}, "other": {"errors": 6, "total": 321}, "wrong_candidates": {"errors": 29, "total": 441}, "multiple_candidates": {"errors": 9, "total": 46}}, "other_errors": {"hyperlink": {"errors": 39, "total": 217}}, "wrong_coreference": {"undetected": {"errors": 50, "total": 171}, "wrong_mention_referenced": {"errors": 33, "total": 121}, "reference_wrongly_disambiguated": {"errors": 1, "total": 88}, "false_detection": 31}}, "entity_types": {"OTHER": {"true_positives": 13, "false_positives": 20, "false_negatives": 42, "ground_truth": 55, "precision": 0.3939393939393939, "recall": 0.23636363636363636, "f1": 0.29545454545454547}, "Q215627": {"true_positives": 118, "false_positives": 17, "false_negatives": 18, "ground_truth": 136, "precision": 0.8740740740740741, "recall": 0.8676470588235294, "f1": 0.8708487084870848}, "Q27096213": {"true_positives": 132, "false_positives": 46, "false_negatives": 35, "ground_truth": 167, "precision": 0.7415730337078652, "recall": 0.7904191616766467, "f1": 0.7652173913043478}, "Q43229": {"true_positives": 123, "false_positives": 33, "false_negatives": 47, "ground_truth": 170, "precision": 0.7884615384615384, "recall": 0.7235294117647059, "f1": 0.754601226993865}, "Q17537576": {"true_positives": 43, "false_positives": 8, "false_negatives": 4, "ground_truth": 47, "precision": 0.8431372549019608, "recall": 0.9148936170212766, "f1": 0.8775510204081632}, "Q2424752": {"true_positives": 40, "false_positives": 20, "false_negatives": 17, "ground_truth": 57, "precision": 0.6666666666666666, "recall": 0.7017543859649122, "f1": 0.6837606837606838}, "Q1656682": {"true_positives": 18, "false_positives": 11, "false_negatives": 21, "ground_truth": 39, "precision": 0.6206896551724138, "recall": 0.46153846153846156, "f1": 0.5294117647058824}, "Q431289": {"true_positives": 3, "false_positives": 0, "false_negatives": 0, "ground_truth": 3, "precision": 1.0, "recall": 1.0, "f1": 1.0}, "Q483394": {"true_positives": 7, "false_positives": 16, "false_negatives": 9, "ground_truth": 16, "precision": 0.30434782608695654, "recall": 0.4375, "f1": 0.358974358974359}, "Q17376908": {"true_positives": 0, "false_positives": 3, "false_negatives": 0, "ground_truth": 0, "precision": 0.0, "recall": 0, "f1": 0}, "Q43460564": {"true_positives": 3, "false_positives": 1, "false_negatives": 3, "ground_truth": 6, "precision": 0.75, "recall": 0.5, "f1": 0.6}, "Q16521": {"true_positives": 17, "false_positives": 7, "false_negatives": 1, "ground_truth": 18, "precision": 0.7083333333333334, "recall": 0.9444444444444444, "f1": 0.8095238095238096}, "Q9174": {"true_positives": 0, "false_positives": 0, "false_negatives": 0, "ground_truth": 0, "precision": 0, "recall": 0, "f1": 0}, "Q7257": {"true_positives": 1, "false_positives": 0, "false_negatives": 0, "ground_truth": 1, "precision": 1.0, "recall": 1.0, "f1": 1.0}, "Q4164871": {"true_positives": 40, "false_positives": 15, "false_negatives": 43, "ground_truth": 83, "precision": 0.7272727272727273, "recall": 0.4819277108433735, "f1": 0.5797101449275363}, "Q12737077": {"true_positives": 26, "false_positives": 9, "false_negatives": 39, "ground_truth": 65, "precision": 0.7428571428571429, "recall": 0.4, "f1": 0.52}, "Q11862829": {"true_positives": 3, "false_positives": 11, "false_negatives": 4, "ground_truth": 7, "precision": 0.21428571428571427, "recall": 0.42857142857142855, "f1": 0.2857142857142857}, "Q21070598": {"true_positives": 0, "false_positives": 0, "false_negatives": 0, "ground_truth": 0, "precision": 0, "recall": 0, "f1": 0}, "Q618779": {"true_positives": 9, "false_positives": 0, "false_negatives": 1, "ground_truth": 10, "precision": 1.0, "recall": 0.9, "f1": 0.9473684210526316}, "Q12136": {"true_positives": 0, "false_positives": 0, "false_negatives": 0, "ground_truth": 0, "precision": 0, "recall": 0, "f1": 0}, "Q4392985": {"true_positives": 0, "false_positives": 0, "false_negatives": 0, "ground_truth": 0, "precision": 0, "recall": 0, "f1": 0}, "Q373899": {"true_positives": 0, "false_positives": 0, "false_negatives": 0, "ground_truth": 0, "precision": 0, "recall": 0, "f1": 0}, "Q22222786": {"true_positives": 0, "false_positives": 0, "false_negatives": 0, "ground_truth": 0, "precision": 0, "recall": 0, "f1": 0}, "Q33829": {"true_positives": 2, "false_positives": 0, "false_negatives": 2, "ground_truth": 4, "precision": 1.0, "recall": 0.5, "f1": 0.6666666666666666}, "Q1075": {"true_positives": 0, "false_positives": 0, "false_negatives": 6, "ground_truth": 6, "precision": 0, "recall": 0.0, "f1": 0}, "Q179661": {"true_positives": 0, "false_positives": 0, "false_negatives": 0, "ground_truth": 0, "precision": 0, "recall": 0, "f1": 0}, "Q169872": {"true_positives": 0, "false_positives": 1, "false_negatives": 0, "ground_truth": 0, "precision": 0.0, "recall": 0, "f1": 0}, "Q4936952": {"true_positives": 0, "false_positives": 2, "false_negatives": 0, "ground_truth": 0, "precision": 0.0, "recall": 0, "f1": 0}, "Q349": {"true_positives": 5, "false_positives": 1, "false_negatives": 0, "ground_truth": 5, "precision": 0.8333333333333334, "recall": 1.0, "f1": 0.9090909090909091}, "Q729": {"true_positives": 0, "false_positives": 0, "false_negatives": 0, "ground_truth": 0, "precision": 0, "recall": 0, "f1": 0}}}, "REQUIRED": {"mention_types": {"all": {"true_positives": 568, "false_positives": 328, "false_negatives": 374, "ground_truth": 942, "precision": 0.6339285714285714, "recall": 0.6029723991507431, "f1": 0.6180631120783459}, "entity": {"true_positives": 480, "false_positives": 259, "false_negatives": 265, "ground_truth": 745,