{"IGNORED": {"mention_types": {"all": {"true_positives": 516, "false_positives": 224, "false_negatives": 290, "ground_truth": 806, "precision": 0.6972972972972973, "recall": 0.6401985111662531, "f1": 0.6675291073738681}, "entity": {"true_positives": 429, "false_positives": 176, "false_negatives": 206, "ground_truth": 635, "precision": 0.7090909090909091, "recall": 0.6755905511811023, "f1": 0.6919354838709677}, "coref": {"true_positives": 87, "false_positives": 48, "false_negatives": 84, "ground_truth": 171, "precision": 0.6444444444444445, "recall": 0.5087719298245614, "f1": 0.5686274509803921}, "entity_named": {"true_positives": 375, "false_positives": 90, "false_negatives": 128, "ground_truth": 503, "precision": 0.8064516129032258, "recall": 0.7455268389662028, "f1": 0.774793388429752}, "entity_non_named": {"true_positives": 51, "false_positives": 78, "false_negatives": 77, "ground_truth": 128, "precision": 0.3953488372093023, "recall": 0.3984375, "f1": 0.3968871595330739}, "entity_unknown": {"true_positives": 3, "false_positives": 8, "false_negatives": 1, "ground_truth": 4, "precision": 0.2727272727272727, "recall": 0.75, "f1": 0.39999999999999997}, "coref_nominal": {"true_positives": 14, "false_positives": 11, "false_negatives": 30, "ground_truth": 44, "precision": 0.56, "recall": 0.3181818181818182, "f1": 0.4057971014492754}, "coref_pronominal": {"true_positives": 73, "false_positives": 37, "false_negatives": 54, "ground_truth": 127, "precision": 0.6636363636363637, "recall": 0.5748031496062992, "f1": 0.6160337552742615}}, "error_categories": {"ner": {"true_positives": 477, "false_positives": 126, "false_negatives": 158, "ground_truth": 635, "precision": 0.7910447761194029, "recall": 0.7511811023622047, "f1": 0.7705977382875605}, "ner_fn": {"all": {"errors": 154, "total": 595}, "lowercased": {"errors": 59, "total": 122}, "partially_included": {"errors": 17, "total": 204}, "partial_overlap": {"errors": 5, "total": 473}, "other": {"errors": 73, "total": 473}}, "ner_fp": {"all": {"errors": 125, "total": 6593}, "lowercased": {"errors": 62, "total": 5097}, "groundtruth_unknown": {"errors": 7, "total": 103}, "other": {"errors": 56, "total": 1496}, "wrong_span": {"errors": 5, "total": 566}}, "wrong_disambiguation": {"all": {"errors": 38, "total": 441}, "demonym": {"errors": 5, "total": 20}, "metonymy": {"errors": 1, "total": 5}, "partial_name": {"errors": 12, "total": 60}, "rare": {"errors": 14, "total": 35}, "other": {"errors": 6, "total": 321}, "wrong_candidates": {"errors": 29, "total": 441}, "multiple_candidates": {"errors": 9, "total": 46}}, "other_errors": {"hyperlink": {"errors": 39, "total": 217}}, "wrong_coreference": {"undetected": {"errors": 54, "total": 171}, "wrong_mention_referenced": {"errors": 23, "total": 117}, "reference_wrongly_disambiguated": {"errors": 1, "total": 94}, "false_detection": 17}}, "entity_types": {"OTHER": {"true_positives": 12, "false_positives": 20, "false_negatives": 42, "ground_truth": 54, "precision": 0.375, "recall": 0.2222222222222222, "f1": 0.27906976744186046}, "Q215627": {"true_positives": 118, "false_positives": 17, "false_negatives": 18, "ground_truth": 136, "precision": 0.8740740740740741, "recall": 0.8676470588235294, "f1": 0.8708487084870848}, "Q27096213": {"true_positives": 132, "false_positives": 45, "false_negatives": 35, "ground_truth": 167, "precision": 0.7457627118644068, "recall": 0.7904191616766467, "f1": 0.7674418604651163}, "Q43229": {"true_positives": 123, "false_positives": 32, "false_negatives": 47, "ground_truth": 170, "precision": 0.7935483870967742, "recall": 0.7235294117647059, "f1": 0.756923076923077}, "Q17537576": {"true_positives": 43, "false_positives": 8, "false_negatives": 4, "ground_truth": 47, "precision": 0.8431372549019608, "recall": 0.9148936170212766, "f1": 0.8775510204081632}, "Q2424752": {"true_positives": 40, "false_positives": 19, "false_negatives": 17, "ground_truth": 57, "precision": 0.6779661016949152, "recall": 0.7017543859649122, "f1": 0.689655172413793}, "Q1656682": {"true_positives": 18, "false_positives": 11, "false_negatives": 21, "ground_truth": 39, "precision": 0.6206896551724138, "recall": 0.46153846153846156, "f1": 0.5294117647058824}, "Q431289": {"true_positives": 3, "false_positives": 0, "false_negatives": 0, "ground_truth": 3, "precision": 1.0, "recall": 1.0, "f1": 1.0}, "Q483394": {"true_positives": 7, "false_positives": 16, "false_negatives": 9, "ground_truth": 16, "precision": 0.30434782608695654, "recall": 0.4375, "f1": 0.358974358974359}, "Q17376908": {"true_positives": 0, "false_positives": 3, "false_negatives": 0, "ground_truth": 0, "precision": 0.0, "recall": 0, "f1": 0}, "Q43460564": {"true_positives": 3, "false_positives": 1, "false_negatives": 3, "ground_truth": 6, "precision": 0.75, "recall": 0.5, "f1": 0.6}, "Q16521": {"true_positives": 17, "false_positives": 7, "false_negatives": 1, "ground_truth": 18, "precision": 0.7083333333333334, "recall": 0.9444444444444444, "f1": 0.8095238095238096}, "Q9174": {"true_positives": 0, "false_positives": 0, "false_negatives": 0, "ground_truth": 0, "precision": 0, "recall": 0, "f1": 0}, "Q7257": {"true_positives": 1, "false_positives": 0, "false_negatives": 0, "ground_truth": 1, "precision": 1.0, "recall": 1.0, "f1": 1.0}, "Q4164871": {"true_positives": 40, "false_positives": 14, "false_negatives": 43, "ground_truth": 83, "precision": 0.7407407407407407, "recall": 0.4819277108433735, "f1": 0.583941605839416}, "Q12737077": {"true_positives": 26, "false_positives": 8, "false_negatives": 39, "ground_truth": 65, "precision": 0.7647058823529411, "recall": 0.4, "f1": 0.5252525252525253}, "Q11862829": {"true_positives": 3, "false_positives": 11, "false_negatives": 4, "ground_truth": 7, "precision": 0.21428571428571427, "recall": 0.42857142857142855, "f1": 0.2857142857142857}, "Q21070598": {"true_positives": 0, "false_positives": 0, "false_negatives": 0, "ground_truth": 0, "precision": 0, "recall": 0, "f1": 0}, "Q618779": {"true_positives": 9, "false_positives": 0, "false_negatives": 1, "ground_truth": 10, "precision": 1.0, "recall": 0.9, "f1": 0.9473684210526316}, "Q12136": {"true_positives": 0, "false_positives": 0, "false_negatives": 0, "ground_truth": 0, "precision": 0, "recall": 0, "f1": 0}, "Q4392985": {"true_positives": 0, "false_positives": 0, "false_negatives": 0, "ground_truth": 0, "precision": 0, "recall": 0, "f1": 0}, "Q373899": {"true_positives": 0, "false_positives": 0, "false_negatives": 0, "ground_truth": 0, "precision": 0, "recall": 0, "f1": 0}, "Q22222786": {"true_positives": 0, "false_positives": 0, "false_negatives": 0, "ground_truth": 0, "precision": 0, "recall": 0, "f1": 0}, "Q33829": {"true_positives": 2, "false_positives": 0, "false_negatives": 2, "ground_truth": 4, "precision": 1.0, "recall": 0.5, "f1": 0.6666666666666666}, "Q1075": {"true_positives": 0, "false_positives": 0, "false_negatives": 6, "ground_truth": 6, "precision": 0, "recall": 0.0, "f1": 0}, "Q179661": {"true_positives": 0, "false_positives": 0, "false_negatives": 0, "ground_truth": 0, "precision": 0, "recall": 0, "f1": 0}, "Q169872": {"true_positives": 0, "false_positives": 1, "false_negatives": 0, "ground_truth": 0, "precision": 0.0, "recall": 0, "f1": 0}, "Q4936952": {"true_positives": 0, "false_positives": 2, "false_negatives": 0, "ground_truth": 0, "precision": 0.0, "recall": 0, "f1": 0}, "Q349": {"true_positives": 5, "false_positives": 1, "false_negatives": 0, "ground_truth": 5, "precision": 0.8333333333333334, "recall": 1.0, "f1": 0.9090909090909091}, "Q729": {"true_positives": 0, "false_positives": 0, "false_negatives": 0, "ground_truth": 0, "precision": 0, "recall": 0, "f1": 0}}}, "REQUIRED": {"mention_types": {"all": {"true_positives": 566, "false_positives": 302, "false_negatives": 376, "ground_truth": 942, "precision": 0.652073732718894, "recall": 0.6008492569002123, "f1": 0.625414364640884}, "entity": {"true_positives": 478, "false_positives": 252, "false_negatives": 267, "ground_truth": 745,