{"IGNORED": {"mention_types": {"all": {"true_positives": 546, "false_positives": 228, "false_negatives": 260, "ground_truth": 806, "precision": 0.7054263565891473, "recall": 0.6774193548387096, "f1": 0.6911392405063291}, "entity": {"true_positives": 430, "false_positives": 186, "false_negatives": 205, "ground_truth": 635, "precision": 0.698051948051948, "recall": 0.6771653543307087, "f1": 0.6874500399680256}, "coref": {"true_positives": 116, "false_positives": 42, "false_negatives": 55, "ground_truth": 171, "precision": 0.7341772151898734, "recall": 0.6783625730994152, "f1": 0.7051671732522795}, "entity_named": {"true_positives": 376, "false_positives": 97, "false_negatives": 127, "ground_truth": 503, "precision": 0.7949260042283298, "recall": 0.7475149105367793, "f1": 0.7704918032786885}, "entity_non_named": {"true_positives": 51, "false_positives": 78, "false_negatives": 77, "ground_truth": 128, "precision": 0.3953488372093023, "recall": 0.3984375, "f1": 0.3968871595330739}, "entity_unknown": {"true_positives": 3, "false_positives": 11, "false_negatives": 1, "ground_truth": 4, "precision": 0.21428571428571427, "recall": 0.75, "f1": 0.3333333333333333}, "coref_nominal": {"true_positives": 30, "false_positives": 23, "false_negatives": 14, "ground_truth": 44, "precision": 0.5660377358490566, "recall": 0.6818181818181818, "f1": 0.6185567010309277}, "coref_pronominal": {"true_positives": 86, "false_positives": 19, "false_negatives": 41, "ground_truth": 127, "precision": 0.819047619047619, "recall": 0.6771653543307087, "f1": 0.7413793103448276}}, "error_categories": {"ner": {"true_positives": 479, "false_positives": 134, "false_negatives": 156, "ground_truth": 635, "precision": 0.7814029363784666, "recall": 0.7543307086614173, "f1": 0.7676282051282052}, "ner_fn": {"all": {"errors": 152, "total": 594}, "lowercased": {"errors": 58, "total": 121}, "partially_included": {"errors": 18, "total": 204}, "partial_overlap": {"errors": 5, "total": 473}, "other": {"errors": 71, "total": 473}}, "ner_fp": {"all": {"errors": 133, "total": 6593}, "lowercased": {"errors": 67, "total": 5097}, "groundtruth_unknown": {"errors": 9, "total": 103}, "other": {"errors": 57, "total": 1496}, "wrong_span": {"errors": 7, "total": 577}}, "wrong_disambiguation": {"all": {"errors": 38, "total": 442}, "demonym": {"errors": 5, "total": 20}, "metonymy": {"errors": 1, "total": 5}, "partial_name": {"errors": 12, "total": 61}, "rare": {"errors": 14, "total": 35}, "other": {"errors": 6, "total": 321}, "wrong_candidates": {"errors": 29, "total": 442}, "multiple_candidates": {"errors": 9, "total": 46}}, "other_errors": {"hyperlink": {"errors": 39, "total": 217}}, "wrong_coreference": {"undetected": {"errors": 47, "total": 171}, "wrong_mention_referenced": {"errors": 5, "total": 124}, "reference_wrongly_disambiguated": {"errors": 2, "total": 119}, "false_detection": 32}}, "entity_types": {"OTHER": {"true_positives": 12, "false_positives": 20, "false_negatives": 42, "ground_truth": 54, "precision": 0.375, "recall": 0.2222222222222222, "f1": 0.27906976744186046}, "Q215627": {"true_positives": 118, "false_positives": 19, "false_negatives": 18, "ground_truth": 136, "precision": 0.8613138686131386, "recall": 0.8676470588235294, "f1": 0.8644688644688644}, "Q27096213": {"true_positives": 132, "false_positives": 49, "false_negatives": 35, "ground_truth": 167, "precision": 0.7292817679558011, "recall": 0.7904191616766467, "f1": 0.7586206896551725}, "Q43229": {"true_positives": 124, "false_positives": 37, "false_negatives": 46, "ground_truth": 170, "precision": 0.7701863354037267, "recall": 0.7294117647058823, "f1": 0.7492447129909365}, "Q17537576": {"true_positives": 43, "false_positives": 10, "false_negatives": 4, "ground_truth": 47, "precision": 0.8113207547169812, "recall": 0.9148936170212766, "f1": 0.8600000000000001}, "Q2424752": {"true_positives": 40, "false_positives": 21, "false_negatives": 17, "ground_truth": 57, "precision": 0.6557377049180327, "recall": 0.7017543859649122, "f1": 0.6779661016949152}, "Q1656682": {"true_positives": 18, "false_positives": 12, "false_negatives": 21, "ground_truth": 39, "precision": 0.6, "recall": 0.46153846153846156, "f1": 0.5217391304347826}, "Q431289": {"true_positives": 3, "false_positives": 0, "false_negatives": 0, "ground_truth": 3, "precision": 1.0, "recall": 1.0, "f1": 1.0}, "Q483394": {"true_positives": 7, "false_positives": 16, "false_negatives": 9, "ground_truth": 16, "precision": 0.30434782608695654, "recall": 0.4375, "f1": 0.358974358974359}, "Q17376908": {"true_positives": 0, "false_positives": 3, "false_negatives": 0, "ground_truth": 0, "precision": 0.0, "recall": 0, "f1": 0}, "Q43460564": {"true_positives": 3, "false_positives": 1, "false_negatives": 3, "ground_truth": 6, "precision": 0.75, "recall": 0.5, "f1": 0.6}, "Q16521": {"true_positives": 17, "false_positives": 7, "false_negatives": 1, "ground_truth": 18, "precision": 0.7083333333333334, "recall": 0.9444444444444444, "f1": 0.8095238095238096}, "Q9174": {"true_positives": 0, "false_positives": 0, "false_negatives": 0, "ground_truth": 0, "precision": 0, "recall": 0, "f1": 0}, "Q7257": {"true_positives": 1, "false_positives": 0, "false_negatives": 0, "ground_truth": 1, "precision": 1.0, "recall": 1.0, "f1": 1.0}, "Q4164871": {"true_positives": 40, "false_positives": 14, "false_negatives": 43, "ground_truth": 83, "precision": 0.7407407407407407, "recall": 0.4819277108433735, "f1": 0.583941605839416}, "Q12737077": {"true_positives": 26, "false_positives": 8, "false_negatives": 39, "ground_truth": 65, "precision": 0.7647058823529411, "recall": 0.4, "f1": 0.5252525252525253}, "Q11862829": {"true_positives": 3, "false_positives": 11, "false_negatives": 4, "ground_truth": 7, "precision": 0.21428571428571427, "recall": 0.42857142857142855, "f1": 0.2857142857142857}, "Q21070598": {"true_positives": 0, "false_positives": 0, "false_negatives": 0, "ground_truth": 0, "precision": 0, "recall": 0, "f1": 0}, "Q618779": {"true_positives": 9, "false_positives": 0, "false_negatives": 1, "ground_truth": 10, "precision": 1.0, "recall": 0.9, "f1": 0.9473684210526316}, "Q12136": {"true_positives": 0, "false_positives": 0, "false_negatives": 0, "ground_truth": 0, "precision": 0, "recall": 0, "f1": 0}, "Q4392985": {"true_positives": 0, "false_positives": 0, "false_negatives": 0, "ground_truth": 0, "precision": 0, "recall": 0, "f1": 0}, "Q373899": {"true_positives": 0, "false_positives": 0, "false_negatives": 0, "ground_truth": 0, "precision": 0, "recall": 0, "f1": 0}, "Q22222786": {"true_positives": 0, "false_positives": 0, "false_negatives": 0, "ground_truth": 0, "precision": 0, "recall": 0, "f1": 0}, "Q33829": {"true_positives": 2, "false_positives": 0, "false_negatives": 2, "ground_truth": 4, "precision": 1.0, "recall": 0.5, "f1": 0.6666666666666666}, "Q1075": {"true_positives": 0, "false_positives": 0, "false_negatives": 6, "ground_truth": 6, "precision": 0, "recall": 0.0, "f1": 0}, "Q179661": {"true_positives": 0, "false_positives": 0, "false_negatives": 0, "ground_truth": 0, "precision": 0, "recall": 0, "f1": 0}, "Q169872": {"true_positives": 0, "false_positives": 1, "false_negatives": 0, "ground_truth": 0, "precision": 0.0, "recall": 0, "f1": 0}, "Q4936952": {"true_positives": 0, "false_positives": 2, "false_negatives": 0, "ground_truth": 0, "precision": 0.0, "recall": 0, "f1": 0}, "Q349": {"true_positives": 5, "false_positives": 1, "false_negatives": 0, "ground_truth": 5, "precision": 0.8333333333333334, "recall": 1.0, "f1": 0.9090909090909091}, "Q729": {"true_positives": 0, "false_positives": 0, "false_negatives": 0, "ground_truth": 0, "precision": 0, "recall": 0, "f1": 0}}}, "REQUIRED": {"mention_types": {"all": {"true_positives": 607, "false_positives": 311, "false_negatives": 335, "ground_truth": 942, "precision": 0.6612200435729847, "recall": 0.6443736730360934, "f1": 0.6526881720430107}, "entity": {"true_positives": 482, "false_positives": 266, "false_negatives": 263, "ground_truth": 745,