{"IGNORED": {"mention_types": {"all": {"true_positives": 347, "false_positives": 95, "false_negatives": 463, "ground_truth": 810, "precision": 0.7850678733031674, "recall": 0.4283950617283951, "f1": 0.5543130990415336}, "entity": {"true_positives": 317, "false_positives": 64, "false_negatives": 322, "ground_truth": 639, "precision": 0.8320209973753281, "recall": 0.49608763693270735, "f1": 0.6215686274509803}, "coref": {"true_positives": 30, "false_positives": 31, "false_negatives": 141, "ground_truth": 171, "precision": 0.4918032786885246, "recall": 0.17543859649122806, "f1": 0.2586206896551724}, "entity_named": {"true_positives": 315, "false_positives": 56, "false_negatives": 194, "ground_truth": 509, "precision": 0.8490566037735849, "recall": 0.618860510805501, "f1": 0.7159090909090908}, "entity_non_named": {"true_positives": 1, "false_positives": 0, "false_negatives": 128, "ground_truth": 129, "precision": 1.0, "recall": 0.007751937984496124, "f1": 0.015384615384615384}, "entity_unknown": {"true_positives": 1, "false_positives": 8, "false_negatives": 0, "ground_truth": 1, "precision": 0.1111111111111111, "recall": 1.0, "f1": 0.19999999999999998}, "coref_nominal": {"true_positives": 4, "false_positives": 10, "false_negatives": 40, "ground_truth": 44, "precision": 0.2857142857142857, "recall": 0.09090909090909091, "f1": 0.13793103448275862}, "coref_pronominal": {"true_positives": 26, "false_positives": 21, "false_negatives": 101, "ground_truth": 127, "precision": 0.5531914893617021, "recall": 0.2047244094488189, "f1": 0.2988505747126437}}, "error_categories": {"ner": {"true_positives": 331, "false_positives": 50, "false_negatives": 308, "ground_truth": 639, "precision": 0.868766404199475, "recall": 0.5179968701095462, "f1": 0.6490196078431373}, "ner_fn": {"all": {"errors": 301, "total": 604}, "lowercased": {"errors": 126, "total": 126}, "partially_included": {"errors": 13, "total": 208}, "partial_overlap": {"errors": 7, "total": 478}, "other": {"errors": 155, "total": 478}}, "ner_fp": {"all": {"errors": 50, "total": 6593}, "lowercased": {"errors": 1, "total": 5097}, "groundtruth_unknown": {"errors": 7, "total": 105}, "other": {"errors": 42, "total": 1496}, "wrong_span": {"errors": 4, "total": 353}}, "wrong_disambiguation": {"all": {"errors": 13, "total": 303}, "demonym": {"errors": 3, "total": 9}, "metonymy": {"errors": 1, "total": 5}, "partial_name": {"errors": 2, "total": 36}, "rare": {"errors": 6, "total": 18}, "other": {"errors": 1, "total": 235}, "wrong_candidates": null, "multiple_candidates": null}, "other_errors": {"hyperlink": {"errors": 58, "total": 208}}, "wrong_coreference": {"undetected": {"errors": 115, "total": 171}, "wrong_mention_referenced": {"errors": 18, "total": 56}, "reference_wrongly_disambiguated": {"errors": 0, "total": 38}, "false_detection": 0}}, "entity_types": {"OTHER": {"true_positives": 1, "false_positives": 0, "false_negatives": 50, "ground_truth": 51, "precision": 1.0, "recall": 0.0196078431372549, "f1": 0.038461538461538464}, "Q215627": {"true_positives": 99, "false_positives": 8, "false_negatives": 37, "ground_truth": 136, "precision": 0.9252336448598131, "recall": 0.7279411764705882, "f1": 0.8148148148148148}, "Q27096213": {"true_positives": 114, "false_positives": 31, "false_negatives": 54, "ground_truth": 168, "precision": 0.7862068965517242, "recall": 0.6785714285714286, "f1": 0.7284345047923323}, "Q43229": {"true_positives": 117, "false_positives": 23, "false_negatives": 58, "ground_truth": 175, "precision": 0.8357142857142857, "recall": 0.6685714285714286, "f1": 0.7428571428571428}, "Q17537576": {"true_positives": 32, "false_positives": 7, "false_negatives": 15, "ground_truth": 47, "precision": 0.8205128205128205, "recall": 0.6808510638297872, "f1": 0.7441860465116279}, "Q2424752": {"true_positives": 32, "false_positives": 12, "false_negatives": 25, "ground_truth": 57, "precision": 0.7272727272727273, "recall": 0.5614035087719298, "f1": 0.6336633663366337}, "Q1656682": {"true_positives": 19, "false_positives": 3, "false_negatives": 26, "ground_truth": 45, "precision": 0.8636363636363636, "recall": 0.4222222222222222, "f1": 0.5671641791044777}, "Q431289": {"true_positives": 3, "false_positives": 0, "false_negatives": 0, "ground_truth": 3, "precision": 1.0, "recall": 1.0, "f1": 1.0}, "Q483394": {"true_positives": 2, "false_positives": 0, "false_negatives": 14, "ground_truth": 16, "precision": 1.0, "recall": 0.125, "f1": 0.2222222222222222}, "Q17376908": {"true_positives": 0, "false_positives": 2, "false_negatives": 0, "ground_truth": 0, "precision": 0.0, "recall": 0, "f1": 0}, "Q43460564": {"true_positives": 0, "false_positives": 0, "false_negatives": 6, "ground_truth": 6, "precision": 0, "recall": 0.0, "f1": 0}, "Q16521": {"true_positives": 5, "false_positives": 0, "false_negatives": 13, "ground_truth": 18, "precision": 1.0, "recall": 0.2777777777777778, "f1": 0.4347826086956522}, "Q9174": {"true_positives": 0, "false_positives": 0, "false_negatives": 0, "ground_truth": 0, "precision": 0, "recall": 0, "f1": 0}, "Q7257": {"true_positives": 0, "false_positives": 0, "false_negatives": 1, "ground_truth": 1, "precision": 0, "recall": 0.0, "f1": 0}, "Q4164871": {"true_positives": 11, "false_positives": 3, "false_negatives": 72, "ground_truth": 83, "precision": 0.7857142857142857, "recall": 0.13253012048192772, "f1": 0.22680412371134023}, "Q12737077": {"true_positives": 0, "false_positives": 0, "false_negatives": 65, "ground_truth": 65, "precision": 0, "recall": 0.0, "f1": 0}, "Q11862829": {"true_positives": 0, "false_positives": 0, "false_negatives": 7, "ground_truth": 7, "precision": 0, "recall": 0.0, "f1": 0}, "Q21070598": {"true_positives": 0, "false_positives": 0, "false_negatives": 0, "ground_truth": 0, "precision": 0, "recall": 0, "f1": 0}, "Q618779": {"true_positives": 5, "false_positives": 2, "false_negatives": 5, "ground_truth": 10, "precision": 0.7142857142857143, "recall": 0.5, "f1": 0.588235294117647}, "Q12136": {"true_positives": 0, "false_positives": 0, "false_negatives": 0, "ground_truth": 0, "precision": 0, "recall": 0, "f1": 0}, "Q4392985": {"true_positives": 0, "false_positives": 0, "false_negatives": 0, "ground_truth": 0, "precision": 0, "recall": 0, "f1": 0}, "Q373899": {"true_positives": 0, "false_positives": 0, "false_negatives": 0, "ground_truth": 0, "precision": 0, "recall": 0, "f1": 0}, "Q22222786": {"true_positives": 0, "false_positives": 0, "false_negatives": 0, "ground_truth": 0, "precision": 0, "recall": 0, "f1": 0}, "Q33829": {"true_positives": 1, "false_positives": 0, "false_negatives": 3, "ground_truth": 4, "precision": 1.0, "recall": 0.25, "f1": 0.4}, "Q1075": {"true_positives": 0, "false_positives": 0, "false_negatives": 6, "ground_truth": 6, "precision": 0, "recall": 0.0, "f1": 0}, "Q179661": {"true_positives": 0, "false_positives": 0, "false_negatives": 0, "ground_truth": 0, "precision": 0, "recall": 0, "f1": 0}, "Q169872": {"true_positives": 0, "false_positives": 0, "false_negatives": 0, "ground_truth": 0, "precision": 0, "recall": 0, "f1": 0}, "Q4936952": {"true_positives": 0, "false_positives": 0, "false_negatives": 0, "ground_truth": 0, "precision": 0, "recall": 0, "f1": 0}, "Q349": {"true_positives": 1, "false_positives": 0, "false_negatives": 4, "ground_truth": 5, "precision": 1.0, "recall": 0.2, "f1": 0.33333333333333337}, "Q729": {"true_positives": 0, "false_positives": 0, "false_negatives": 0, "ground_truth": 0, "precision": 0, "recall": 0, "f1": 0}}}, "REQUIRED": {"mention_types": {"all": {"true_positives": 346, "false_positives": 95, "false_negatives": 602, "ground_truth": 948, "precision": 0.7845804988662132, "recall": 0.3649789029535865, "f1": 0.4982001439884809}, "entity": {"true_positives": 316, "false_positives": 64, "false_negatives": 435, "ground_truth": 751, "precision": 0.8315789473684211, "recall": 0.4207723035952064, "f1": 0.5587975243147657}, "coref": {"true_positives": 30, "false_positives": 31, "false_negatives": 167, "ground_truth": 197,