{"IGNORED": {"mention_types": {"all": {"true_positives": 392, "false_positives": 113, "false_negatives": 421, "ground_truth": 813, "precision": 0.7762376237623763, "recall": 0.4821648216482165, "f1": 0.5948406676783006}, "entity": {"true_positives": 337, "false_positives": 74, "false_negatives": 305, "ground_truth": 642, "precision": 0.8199513381995134, "recall": 0.5249221183800623, "f1": 0.6400759734093068}, "coref": {"true_positives": 55, "false_positives": 39, "false_negatives": 116, "ground_truth": 171, "precision": 0.5851063829787234, "recall": 0.3216374269005848, "f1": 0.41509433962264153}, "entity_named": {"true_positives": 335, "false_positives": 61, "false_negatives": 174, "ground_truth": 509, "precision": 0.8459595959595959, "recall": 0.6581532416502947, "f1": 0.7403314917127072}, "entity_non_named": {"true_positives": 1, "false_positives": 3, "false_negatives": 128, "ground_truth": 129, "precision": 0.25, "recall": 0.007751937984496124, "f1": 0.015037593984962405}, "entity_unknown": {"true_positives": 1, "false_positives": 10, "false_negatives": 3, "ground_truth": 4, "precision": 0.09090909090909091, "recall": 0.25, "f1": 0.13333333333333333}, "coref_nominal": {"true_positives": 11, "false_positives": 7, "false_negatives": 33, "ground_truth": 44, "precision": 0.6111111111111112, "recall": 0.25, "f1": 0.3548387096774194}, "coref_pronominal": {"true_positives": 44, "false_positives": 32, "false_negatives": 83, "ground_truth": 127, "precision": 0.5789473684210527, "recall": 0.3464566929133858, "f1": 0.4334975369458128}}, "error_categories": {"ner": {"true_positives": 352, "false_positives": 59, "false_negatives": 290, "ground_truth": 642, "precision": 0.8564476885644768, "recall": 0.5482866043613707, "f1": 0.6685660018993352}, "ner_fn": {"all": {"errors": 278, "total": 602}, "lowercased": {"errors": 125, "total": 125}, "partially_included": {"errors": 15, "total": 207}, "partial_overlap": {"errors": 11, "total": 477}, "other": {"errors": 127, "total": 477}}, "ner_fp": {"all": {"errors": 59, "total": 6593}, "lowercased": {"errors": 1, "total": 5097}, "groundtruth_unknown": {"errors": 9, "total": 102}, "other": {"errors": 49, "total": 1496}, "wrong_span": {"errors": 4, "total": 383}}, "wrong_disambiguation": {"all": {"errors": 14, "total": 324}, "demonym": {"errors": 3, "total": 9}, "metonymy": {"errors": 1, "total": 7}, "partial_name": {"errors": 3, "total": 37}, "rare": {"errors": 6, "total": 20}, "other": {"errors": 1, "total": 251}, "wrong_candidates": null, "multiple_candidates": null}, "other_errors": {"hyperlink": {"errors": 60, "total": 214}}, "wrong_coreference": {"undetected": {"errors": 90, "total": 171}, "wrong_mention_referenced": {"errors": 20, "total": 81}, "reference_wrongly_disambiguated": {"errors": 1, "total": 61}, "false_detection": 12}}, "entity_types": {"OTHER": {"true_positives": 21, "false_positives": 10, "false_negatives": 33, "ground_truth": 54, "precision": 0.6774193548387096, "recall": 0.3888888888888889, "f1": 0.4941176470588235}, "Q215627": {"true_positives": 99, "false_positives": 8, "false_negatives": 37, "ground_truth": 136, "precision": 0.9252336448598131, "recall": 0.7279411764705882, "f1": 0.8148148148148148}, "Q27096213": {"true_positives": 114, "false_positives": 31, "false_negatives": 54, "ground_truth": 168, "precision": 0.7862068965517242, "recall": 0.6785714285714286, "f1": 0.7284345047923323}, "Q43229": {"true_positives": 117, "false_positives": 23, "false_negatives": 58, "ground_truth": 175, "precision": 0.8357142857142857, "recall": 0.6685714285714286, "f1": 0.7428571428571428}, "Q17537576": {"true_positives": 32, "false_positives": 7, "false_negatives": 15, "ground_truth": 47, "precision": 0.8205128205128205, "recall": 0.6808510638297872, "f1": 0.7441860465116279}, "Q2424752": {"true_positives": 32, "false_positives": 12, "false_negatives": 25, "ground_truth": 57, "precision": 0.7272727272727273, "recall": 0.5614035087719298, "f1": 0.6336633663366337}, "Q1656682": {"true_positives": 19, "false_positives": 3, "false_negatives": 26, "ground_truth": 45, "precision": 0.8636363636363636, "recall": 0.4222222222222222, "f1": 0.5671641791044777}, "Q431289": {"true_positives": 3, "false_positives": 0, "false_negatives": 0, "ground_truth": 3, "precision": 1.0, "recall": 1.0, "f1": 1.0}, "Q483394": {"true_positives": 2, "false_positives": 0, "false_negatives": 14, "ground_truth": 16, "precision": 1.0, "recall": 0.125, "f1": 0.2222222222222222}, "Q17376908": {"true_positives": 0, "false_positives": 2, "false_negatives": 0, "ground_truth": 0, "precision": 0.0, "recall": 0, "f1": 0}, "Q43460564": {"true_positives": 0, "false_positives": 0, "false_negatives": 6, "ground_truth": 6, "precision": 0, "recall": 0.0, "f1": 0}, "Q16521": {"true_positives": 5, "false_positives": 0, "false_negatives": 13, "ground_truth": 18, "precision": 1.0, "recall": 0.2777777777777778, "f1": 0.4347826086956522}, "Q9174": {"true_positives": 0, "false_positives": 0, "false_negatives": 0, "ground_truth": 0, "precision": 0, "recall": 0, "f1": 0}, "Q7257": {"true_positives": 0, "false_positives": 0, "false_negatives": 1, "ground_truth": 1, "precision": 0, "recall": 0.0, "f1": 0}, "Q4164871": {"true_positives": 11, "false_positives": 3, "false_negatives": 72, "ground_truth": 83, "precision": 0.7857142857142857, "recall": 0.13253012048192772, "f1": 0.22680412371134023}, "Q12737077": {"true_positives": 0, "false_positives": 0, "false_negatives": 65, "ground_truth": 65, "precision": 0, "recall": 0.0, "f1": 0}, "Q11862829": {"true_positives": 0, "false_positives": 0, "false_negatives": 7, "ground_truth": 7, "precision": 0, "recall": 0.0, "f1": 0}, "Q21070598": {"true_positives": 0, "false_positives": 0, "false_negatives": 0, "ground_truth": 0, "precision": 0, "recall": 0, "f1": 0}, "Q618779": {"true_positives": 5, "false_positives": 2, "false_negatives": 5, "ground_truth": 10, "precision": 0.7142857142857143, "recall": 0.5, "f1": 0.588235294117647}, "Q12136": {"true_positives": 0, "false_positives": 0, "false_negatives": 0, "ground_truth": 0, "precision": 0, "recall": 0, "f1": 0}, "Q4392985": {"true_positives": 0, "false_positives": 0, "false_negatives": 0, "ground_truth": 0, "precision": 0, "recall": 0, "f1": 0}, "Q373899": {"true_positives": 0, "false_positives": 0, "false_negatives": 0, "ground_truth": 0, "precision": 0, "recall": 0, "f1": 0}, "Q22222786": {"true_positives": 0, "false_positives": 0, "false_negatives": 0, "ground_truth": 0, "precision": 0, "recall": 0, "f1": 0}, "Q33829": {"true_positives": 1, "false_positives": 0, "false_negatives": 3, "ground_truth": 4, "precision": 1.0, "recall": 0.25, "f1": 0.4}, "Q1075": {"true_positives": 0, "false_positives": 0, "false_negatives": 6, "ground_truth": 6, "precision": 0, "recall": 0.0, "f1": 0}, "Q179661": {"true_positives": 0, "false_positives": 0, "false_negatives": 0, "ground_truth": 0, "precision": 0, "recall": 0, "f1": 0}, "Q169872": {"true_positives": 0, "false_positives": 0, "false_negatives": 0, "ground_truth": 0, "precision": 0, "recall": 0, "f1": 0}, "Q4936952": {"true_positives": 0, "false_positives": 0, "false_negatives": 0, "ground_truth": 0, "precision": 0, "recall": 0, "f1": 0}, "Q349": {"true_positives": 1, "false_positives": 0, "false_negatives": 4, "ground_truth": 5, "precision": 1.0, "recall": 0.2, "f1": 0.33333333333333337}, "Q729": {"true_positives": 0, "false_positives": 0, "false_negatives": 0, "ground_truth": 0, "precision": 0, "recall": 0, "f1": 0}}}, "REQUIRED": {"mention_types": {"all": {"true_positives": 426, "false_positives": 549, "false_negatives": 516, "ground_truth": 942, "precision": 0.4369230769230769, "recall": 0.45222929936305734, "f1": 0.4444444444444445}, "entity": {"true_positives": 368, "false_positives": 467, "false_negatives": 377, "ground_truth": 745, "precision": 0.4407185628742515, "recall": 0.49395973154362416, "f1": 0.46582278481012657}, "coref": {"true_positives": 58, "false_positives": 82, "false_negatives": 139, "ground_truth": 197,